X, Y, Z 
1.90, 8.93, 2.27
2.28, 7.79, 1.54
2.43, 8.18, 2.80
2.35, 7.83, 2.36
2.31, 7.37, 2.66
2.32, 7.39, 2.95
1.15, 8.13, 0.75
1.97, 8.30, 1.96
2.44, 10.45, 0.28
1.62, 7.11, 1.13
3.06, 7.82, 1.91
2.29, 10.53, 3.53
2.84, 12.13, 1.62
2.72, 14.72, 1.15
2.21, 13.38, 1.31
2.13, 11.84, 2.03
1.66, 10.08, 2.79
1.51, 8.57, 3.49
1.16, 7.08, 3.33
1.39, 6.43, 3.35
1.50, 6.50, 2.68
1.18, 6.64, 2.30
1.32, 6.11, 2.19
1.32, 5.74, 1.81
1.27, 5.68, 1.80
1.83, 5.55, 1.68
1.93, 6.90, 1.80
2.37, 7.56, 2.17
-0.68, 7.47, 4.81
2.08, 11.68, 0.79
1.89, 7.78, 2.73
1.78, 7.51, 2.31
1.50, 7.02, 2.06
2.16, 6.62, 2.14
1.92, 6.64, 2.69
1.47, 5.81, 2.35
2.10, 19.61, 17.42
2.85, 9.19, 3.06
2.09, 9.53, 3.66
2.35, 8.95, 3.65
2.41, 9.25, 1.86
1.50, 9.58, 1.70
1.53, 11.41, 3.10
4.23, 13.43, 1.68
2.83, 11.18, 1.73
1.28, 9.27, 3.02
1.76, 7.55, 3.72
1.98, 6.61, 3.31
1.94, 6.34, 2.57
2.04, 6.67, 2.17
1.84, 6.40, 1.74
1.68, 6.21, 1.15
1.89, 6.11, 1.73
2.17, 6.90, 2.21
1.17, 2.29, 7.34
-0.78, 16.15, 4.81
1.72, 9.58, 1.80
2.19, 9.45, 2.20
1.86, 11.77, 1.74
1.22, 6.07, 2.09
1.20, 6.38, 2.06
1.54, 6.35, 2.30
1.63, 6.94, 2.23
2.14, 8.78, 2.23
2.83, 11.32, 1.96
2.39, 13.94, 2.22
-0.39, 10.25, 1.42
2.44, 10.15, 0.83
2.95, 12.12, 2.75
2.99, 11.16, 2.77
1.65, 10.00, 2.45
2.12, 9.38, 2.19
1.89, 8.97, 2.24
1.11, 7.72, 2.70
1.74, 6.85, 2.27
1.73, 6.10, 2.34
1.81, 5.49, 2.52
1.71, 5.53, 2.30
1.94, 5.69, 2.26
2.14, 7.02, 2.26
7.93, -7.19, -4.94
2.06, 9.23, 1.42
2.16, 9.54, 1.76
2.16, 9.95, 1.18
2.85, 9.46, 2.33
2.41, 11.37, 0.33
2.98, 12.35, 1.66
2.30, 11.58, 2.49
1.16, 9.45, 2.74
1.64, 5.67, 2.27
2.03, 6.08, 2.23
2.18, 6.07, 2.10
2.16, 6.68, 2.24
1.94, 7.14, 2.34
2.48, 4.80, -1.93
1.56, 9.08, 4.61
1.25, 9.57, -0.21
2.15, 9.27, 2.43
2.65, 10.34, 1.23
2.67, 9.23, 2.52
2.49, 13.41, 1.75
1.97, 11.84, 1.99
1.52, 10.26, 2.62
1.41, 9.29, 2.02
1.49, 7.95, 2.08
2.13, 6.43, 2.15
1.96, 5.67, 2.55
1.91, 5.15, 2.15
2.24, 5.30, 2.20
2.26, 5.71, 1.81
0.95, 6.51, 2.72
4.64, 19.61, 18.32
1.42, 9.68, 1.92
2.35, 9.31, 2.71
3.05, 9.20, 4.08
3.35, 9.73, 2.97
2.47, 9.32, 1.39
2.07, 14.09, 1.17
2.81, 5.80, 2.65
2.26, 6.81, 2.72
2.47, 6.56, 1.97
0.21, 5.39, -0.39
0.08, 8.01, 8.57
2.85, 9.50, 2.71
2.65, 9.07, 3.47
3.00, 8.92, 3.47
3.06, 11.38, 2.15
1.50, 12.03, 2.05
1.51, 11.44, 2.13
1.58, 9.66, 2.20
1.85, 8.61, 2.40
1.92, 7.73, 2.40
2.18, 6.63, 2.63
2.27, 5.59, 2.81
1.93, 5.35, 2.48
1.97, 5.66, 2.60
2.07, 6.45, 2.39
2.06, 6.96, 2.77
-0.12, 7.80, 1.32
0.18, 9.74, 1.39
3.23, 9.28, 3.00
2.49, 9.06, 3.15
2.79, 8.88, 3.66
2.89, 9.93, 2.00
2.56, 12.37, 1.93
1.77, 13.14, 1.26
1.41, 10.75, 1.70
1.73, 9.21, 2.83
2.60, 13.03, 3.69
1.11, 8.91, 2.55
2.71, 9.05, 3.81
2.84, 9.31, 3.40
2.92, 9.39, 2.70
2.94, 11.65, 2.14
1.63, 13.25, 1.78
1.46, 11.31, 1.62
1.96, 8.85, 2.31
2.27, 7.97, 2.06
2.03, 7.36, 2.28
1.64, 6.40, 2.91
1.50, 5.48, 3.03
2.12, 5.37, 3.12
2.46, 5.99, 2.46
2.12, 6.44, 3.02
1.96, 6.79, 2.92
1.23, 6.60, 2.28
10.80, 9.43, -4.35
2.17, 8.78, 1.81
2.40, 8.92, 3.58
2.35, 7.96, 3.62
2.72, 8.83, 2.58
3.51, 12.03, 1.88
2.30, 13.89, 1.63
1.28, 11.90, 1.45
1.71, 8.89, 2.07
1.85, 7.94, 1.94
2.27, 7.28, 2.26
0.06, 9.14, 2.86
2.40, 9.23, 3.26
1.37, 9.78, 2.30
1.56, 8.12, 2.19
2.17, 7.21, 2.02
2.00, 6.51, 2.23
1.80, 5.54, 2.84
1.82, 5.44, 3.06
2.36, 6.58, 2.74
1.99, 6.90, 3.52
0.86, 7.07, 2.59
1.87, 7.04, -1.88
2.49, 9.12, 2.20
2.68, 9.23, 2.96
2.28, 8.79, 3.94
2.54, 9.34, 2.93
2.77, 10.66, 2.14
2.78, 12.23, 1.67
1.99, 12.50, 1.56
1.38, 10.52, 1.89
1.74, 8.19, 2.11
2.06, 7.55, 2.02
2.03, 6.77, 2.40
1.78, 5.94, 2.76
1.72, 5.15, 3.15
2.19, 5.66, 2.90
2.18, 6.90, 2.89
1.95, 7.50, 2.66
1.39, 7.41, 2.21
2.39, 19.61, 8.89
3.06, 11.81, 2.16
2.26, 12.90, 1.49
1.66, 12.19, 1.86
1.31, 9.21, 2.21
1.84, 7.78, 2.29
2.31, 7.38, 2.09
1.86, 6.84, 2.55
1.78, 5.87, 3.44
2.03, 5.32, 3.37
2.24, 6.13, 2.47
1.64, 7.04, 2.89
1.94, 7.52, 2.53
1.66, 9.59, 6.43
6.97, 19.61, 6.12
2.34, 9.50, 1.23
2.59, 9.16, 3.02
2.64, 9.68, 2.68
2.76, 11.96, 2.54
2.54, 12.62, 1.25
1.86, 11.96, 1.96
1.46, 9.79, 2.04
1.57, 7.92, 2.08
2.34, 7.32, 1.93
1.95, 6.61, 2.48
1.74, 5.69, 3.34
1.93, 5.22, 3.41
1.61, 5.68, 2.79
2.48, 7.01, 3.00
2.27, 7.46, 2.27
1.71, 11.17, 10.82
1.24, 8.38, 2.11
2.28, 7.69, 2.41
2.18, 6.89, 2.30
1.52, 5.72, 2.97
1.60, 4.96, 3.13
2.15, 5.23, 2.69
2.13, 5.85, 2.60
1.70, 5.68, 1.79
2.69, 7.56, 3.01
2.25, 10.84, 3.28
7.57, -8.08, 4.83
1.43, 9.36, 0.64
2.36, 9.21, 2.34
2.51, 8.44, 3.93
2.89, 9.70, 2.56
3.08, 13.35, 1.99
1.92, 12.20, 1.57
1.50, 10.09, 1.82
1.59, 7.91, 2.05
2.05, 7.11, 2.04
1.87, 6.16, 2.32
1.79, 4.39, 3.40
1.99, 4.09, 3.63
2.34, 5.65, 2.98
2.49, 7.24, 2.11
0.89, 7.01, 2.92
1.78, 19.61, -3.99
1.75, 9.55, 1.23
2.46, 8.94, 3.11
2.12, 6.04, 2.08
1.85, 4.72, 3.61
2.13, 5.33, 3.45
2.26, 6.64, 2.84
1.26, 7.44, 3.00
6.74, -3.46, 3.50
1.84, 9.46, 1.62
2.56, 9.25, 2.52
2.55, 8.98, 3.17
2.57, 9.10, 2.96
3.03, 9.21, 2.90
2.86, 13.51, 2.01
1.93, 13.74, 1.94
1.33, 10.15, 1.66
1.58, 8.76, 2.34
2.37, 7.29, 2.49
1.87, 5.88, 2.69
1.65, 4.78, 3.64
2.02, 4.48, 3.70
2.08, 5.88, 2.90
2.24, 7.52, 2.01
2.25, 6.82, 2.02
0.71, 6.53, 3.83
8.27, -14.65, -1.62
1.62, 9.50, 1.47
2.36, 9.25, 3.37
3.03, 4.69, 3.95
2.37, 15.23, 1.82
3.79, 6.84, 2.53
2.37, 14.11, 1.66
2.47, 7.37, 2.34
3.15, 8.49, 3.06
2.87, 7.74, 1.94
2.14, 13.89, 1.24
1.66, 13.33, 1.75
1.36, 10.30, 2.11
1.07, 7.30, 2.23
2.04, 6.54, 2.19
2.12, 6.57, 2.41
1.46, 5.49, 3.25
1.76, 4.93, 2.96
1.79, 5.57, 2.37
2.27, 7.07, 2.29
1.75, 7.74, 2.62
1.71, 9.07, 2.49
2.54, 7.35, 0.43
3.96, 8.81, -1.11
2.31, 9.33, 1.88
2.56, 9.33, 3.10
2.62, 9.27, 3.00
2.90, 12.07, 1.74
2.29, 12.16, 1.57
1.58, 11.26, 2.31
1.17, 8.79, 2.27
1.73, 7.35, 2.12
2.25, 7.14, 1.78
2.02, 7.09, 2.84
1.39, 5.95, 3.13
1.73, 5.64, 2.67
2.13, 6.20, 2.32
2.05, 9.48, 2.47
2.36, 9.30, 3.15
2.56, 8.67, 3.17
2.79, 9.38, 1.81
2.59, 12.62, 1.35
1.88, 12.39, 1.83
1.43, 10.18, 2.13
1.26, 7.89, 1.88
2.27, 7.07, 2.10
2.52, 6.52, 2.49
1.47, 6.09, 2.89
1.64, 5.19, 3.17
2.28, 5.86, 2.72
2.44, 7.07, 2.92
1.90, 7.92, 2.50
1.57, 10.94, 10.39
2.59, 19.61, 4.20
1.82, 9.58, 2.47
2.38, 9.40, 3.88
2.59, 9.96, 3.40
2.67, 10.72, 0.90
2.19, 12.37, 1.63
1.63, 11.68, 1.74
1.69, 9.94, 2.14
1.38, 7.86, 2.02
2.29, 7.27, 2.01
2.59, 6.54, 2.56
1.61, 5.71, 3.26
1.91, 5.46, 3.53
2.46, 11.77, 1.73
1.65, 12.14, 1.60
1.51, 10.60, 2.03
1.61, 8.40, 2.18
1.87, 7.76, 2.42
2.11, 7.23, 1.70
2.04, 6.73, 2.62
1.64, 5.99, 3.29
1.79, 6.25, 3.30
2.08, 7.02, 2.69
1.86, 7.75, 2.32
1.50, 8.81, 2.05
1.55, 7.97, -0.73
3.14, 19.61, 1.69
2.52, 9.48, 2.29
2.61, 9.21, 3.29
3.12, 6.36, 2.71
2.76, 11.67, 1.87
2.18, 11.58, 1.47
1.76, 11.97, 1.73
1.65, 10.05, 2.14
1.33, 8.15, 2.07
2.12, 7.29, 2.22
2.22, 7.20, 2.13
1.64, 6.69, 3.09
1.62, 5.97, 3.22
1.88, 6.34, 2.14
1.91, 7.03, 2.67
1.88, 7.57, 2.63
1.57, 7.85, 4.56
1.01, 10.04, 1.96
1.51, 8.04, 2.21
2.21, 7.42, 1.97
2.50, 7.13, 2.56
1.92, 7.13, 2.76
1.60, 6.27, 3.16
2.11, 6.65, 2.88
2.36, 7.36, 2.57
2.12, 7.82, 2.90
1.62, 7.95, -0.86
6.56, 8.33, 6.51
2.40, 9.30, 2.69
2.69, 7.95, 4.11
3.91, 4.89, 3.42
2.35, 10.85, 1.70
2.12, 12.02, 1.89
1.60, 12.02, 1.64
1.41, 9.91, 1.81
1.37, 8.24, 2.15
2.00, 6.91, 2.10
2.46, 6.37, 2.72
1.84, 6.09, 2.96
1.91, 5.72, 3.00
1.94, 6.51, 3.14
2.26, 7.70, 2.11
2.15, 8.36, 9.40
5.21, 19.61, 3.06
2.28, 9.40, 1.52
2.38, 9.18, 3.07
2.28, 8.52, 3.96
1.75, 6.68, 3.25
3.00, 19.61, -2.27
1.55, 9.55, 1.43
2.73, 8.40, 4.24
3.08, 7.95, 2.42
2.94, 11.10, 2.43
1.78, 11.79, 1.94
1.99, 12.26, 1.58
1.65, 10.70, 1.58
1.39, 8.75, 1.96
1.77, 7.89, 1.87
2.18, 7.21, 2.07
2.11, 6.67, 3.02
1.58, 5.95, 3.42
1.77, 5.84, 2.86
1.84, 6.74, 2.46
2.23, 7.63, 2.55
1.96, 8.28, 2.33
2.42, 7.29, -0.45
7.84, 6.41, -0.30
2.14, 9.34, 1.39
2.43, 9.16, 2.80
2.48, 9.01, 2.52
3.15, 10.40, 1.87
2.60, 11.67, 1.81
1.56, 11.67, 1.47
1.34, 10.86, 2.70
1.78, 8.69, 1.74
1.91, 7.68, 2.06
1.90, 7.30, 2.35
2.12, 7.89, 2.65
2.01, 8.01, 2.54
2.20, 11.76, 0.42
2.94, 9.16, 0.43
2.41, 8.99, 3.08
3.04, 9.00, 3.27
2.73, 10.91, 1.53
1.89, 11.48, 1.80
1.90, 11.98, 1.77
1.60, 9.94, 1.68
1.57, 8.52, 2.04
2.19, 7.65, 2.07
2.38, 7.46, 2.48
1.75, 6.98, 2.86
1.70, 6.35, 3.60
1.98, 6.50, 3.36
2.21, 7.58, 2.38
1.94, 8.04, 2.46
1.98, 9.82, 2.94
2.55, 9.30, -0.21
2.70, 14.08, 1.65
1.76, 9.33, 3.12
3.52, 8.86, 3.91
2.49, 10.43, 1.98
2.02, 11.63, 1.60
1.96, 10.91, 1.36
1.77, 10.03, 2.03
1.70, 8.87, 1.91
2.02, 8.07, 2.00
2.67, 11.90, 1.72
3.39, 6.73, 4.21
2.49, 10.92, 2.98
2.18, 11.49, 2.22
1.91, 11.31, 1.36
1.73, 11.16, 1.35
1.19, 9.95, 1.93
1.47, 9.33, 1.80
2.12, 7.92, 2.05
2.23, 6.86, 2.96
1.56, 6.79, 2.83
1.57, 6.57, 2.92
1.84, 6.14, 3.10
1.93, 6.90, 2.87
1.76, 7.36, 2.66
2.05, 8.11, 2.67
2.16, 9.40, 2.21
1.88, 9.98, 2.38
2.11, 10.07, 2.52
2.39, 10.92, 2.42
2.70, 14.22, 1.71
2.14, 12.84, 2.10
1.77, 10.67, 2.29
2.28, 10.01, 1.72
1.78, 9.59, 2.00
1.91, 9.25, 1.53
2.47, 8.65, 2.23
1.78, 7.84, 2.70
1.81, 7.02, 2.71
2.33, 9.40, 2.34
2.43, 8.80, 3.06
2.66, 11.20, 1.80
2.11, 10.85, 1.79
1.81, 10.38, 2.04
1.40, 9.59, 2.20
1.18, 8.90, 2.12
1.88, 8.23, 1.74
2.26, 7.71, 2.01
2.17, 7.07, 2.78
2.05, 6.01, 3.16
2.24, 5.97, 3.29
2.06, 7.32, 2.62
2.52, 7.93, 2.25
2.44, 10.68, 0.73
1.92, 10.27, 0.88
3.02, 8.91, 4.28
3.41, 6.62, 2.27
2.40, 9.08, 1.49
2.15, 11.15, 1.86
1.72, 11.94, 1.44
1.65, 11.70, 1.71
1.41, 9.23, 2.18
1.62, 8.04, 2.09
2.13, 7.75, 1.74
2.41, 7.24, 2.48
1.65, 6.71, 2.85
1.86, 6.42, 3.06
2.32, 7.46, 2.35
2.11, 8.33, 2.24
2.37, 7.93, 2.13
1.97, 7.72, 2.55
2.05, 7.84, 3.27
1.53, 7.12, 2.49
2.18, 7.29, 2.06
2.42, 8.02, 2.09
1.86, 8.42, 2.82
2.03, 8.69, 2.74
2.15, 9.64, 2.24
2.56, 12.21, 1.74
2.35, 11.28, 2.40
2.41, 10.89, 2.65
2.58, 10.95, 2.49
1.90, 10.94, 2.29
1.94, 10.77, 1.54
1.88, 10.30, 1.66
1.54, 9.28, 1.61
2.02, 8.91, 1.79
2.39, 8.44, 1.93
2.13, 7.67, 3.21
1.35, 6.90, 2.97
1.78, 7.00, 2.53
2.16, 7.44, 1.82
1.89, 7.48, 2.52
2.01, 8.38, 2.70
1.94, 8.79, 2.60
1.79, 8.66, 2.32
1.87, 8.70, 2.16
2.56, 9.03, 2.17
1.99, 10.15, 1.97
1.79, 11.13, 1.36
1.77, 10.19, 1.42
1.53, 9.08, 2.12
1.81, 9.16, 1.80
2.23, 8.15, 2.14
2.53, 7.36, 2.54
1.64, 6.87, 2.90
1.68, 6.69, 2.68
2.04, 6.72, 2.74
2.22, 7.39, 2.64
1.93, 7.80, 2.72
2.00, 8.50, 2.70
1.49, 7.07, -2.30
3.08, 13.48, 1.05
1.13, 10.01, 3.60
2.97, 8.44, 2.43
2.91, 10.53, 2.04
1.90, 10.99, 1.73
2.06, 10.95, 1.41
1.84, 10.33, 1.66
1.64, 9.79, 1.69
1.69, 9.22, 1.82
2.14, 8.32, 1.86
2.29, 7.70, 2.59
1.93, 6.79, 2.78
1.84, 6.50, 2.95
2.23, 6.76, 2.89
2.42, 7.45, 2.60
2.06, 8.32, 2.49
1.60, 9.82, 1.81
1.59, 9.36, 1.78
2.10, 8.61, 1.67
2.20, 7.79, 2.50
2.12, 6.62, 2.87
1.85, 5.91, 3.13
2.05, 6.11, 2.81
2.28, 7.29, 2.72
2.23, 8.31, 2.46
1.97, 10.29, 2.95
1.28, 7.87, 1.29
2.36, 11.94, 1.20
2.12, 9.78, 2.05
2.62, 9.20, 2.40
2.67, 9.66, 3.01
2.08, 11.32, 1.38
2.00, 11.36, 1.36
1.75, 10.65, 1.68
1.31, 9.81, 1.69
1.74, 8.87, 1.63
2.24, 7.80, 2.20
2.42, 7.28, 2.58
1.84, 7.10, 2.78
1.61, 6.85, 3.12
1.90, 6.59, 2.94
2.48, 7.71, 2.57
2.09, 8.33, 2.43
1.70, 8.84, 2.64
1.80, 9.59, 2.09
2.40, 11.31, 1.63
2.29, 8.66, 2.31
2.24, 7.80, 2.88
1.86, 7.32, 2.96
1.72, 5.96, 2.92
2.05, 6.21, 2.42
1.95, 7.05, 2.40
1.99, 7.76, 2.65
1.83, 8.32, 2.53
1.93, 9.43, 1.88
2.34, 11.93, 1.04
4.11, 5.13, 1.32
1.70, 9.15, 2.34
2.72, 6.45, 3.61
2.49, 9.64, 1.73
2.23, 12.03, 1.72
1.79, 11.27, 1.39
1.47, 10.53, 1.57
1.33, 9.27, 1.79
1.70, 8.78, 1.38
2.32, 8.17, 1.96
2.12, 7.53, 2.97
1.66, 7.10, 3.05
1.81, 6.21, 2.71
2.11, 6.21, 2.32
2.11, 7.02, 2.94
2.25, 8.13, 2.78
1.82, 8.93, 2.22
1.57, 9.60, -0.54
2.42, 19.61, 2.66
2.52, 9.24, 2.30
2.04, 7.27, 2.47
2.22, 7.78, 2.70
2.12, 8.49, 2.86
1.73, 8.92, 2.13
1.66, 10.00, 1.44
2.31, 11.03, 1.11
2.36, 12.47, 2.28
2.19, 5.69, 2.06
2.17, 10.81, 1.74
2.31, 10.18, 2.43
1.98, 10.56, 1.63
1.74, 10.20, 1.51
1.49, 9.70, 1.91
1.89, 9.56, 1.68
2.20, 8.63, 2.05
2.08, 8.15, 2.38
1.90, 7.51, 3.08
1.68, 6.60, 2.92
2.02, 6.09, 2.41
1.95, 7.02, 2.36
2.16, 7.65, 2.56
2.09, 8.91, 2.21
2.08, 10.20, 1.67
1.81, 11.47, 1.78
3.08, 9.93, 5.08
2.39, 9.30, 2.34
2.17, 8.46, 3.01
2.46, 9.67, 1.39
2.07, 11.00, 1.70
2.32, 8.08, 1.99
2.30, 8.02, 3.22
1.50, 7.13, 3.00
2.12, 6.39, 2.50
2.05, 6.81, 2.40
1.94, 7.67, 2.48
2.22, 8.61, 2.33
2.01, 9.10, 2.10
1.87, 11.18, 3.61
2.25, 11.34, 1.80
2.54, 11.04, 2.50
2.15, 10.31, 2.28
2.27, 10.75, 2.32
2.18, 9.99, 1.60
1.90, 10.14, 1.93
1.62, 10.47, 1.58
1.63, 9.91, 1.69
1.70, 9.03, 1.69
2.07, 8.20, 2.10
2.25, 8.43, 2.83
1.62, 7.72, 2.48
2.15, 7.40, 2.22
2.10, 7.08, 2.27
1.95, 8.08, 2.38
2.18, 8.85, 2.37
2.03, 9.03, 2.74
1.59, 8.84, 2.44
1.79, 9.79, 2.02
1.96, 10.64, 1.88
2.41, 10.35, 2.51
1.87, 8.11, 2.69
1.87, 7.22, 2.38
1.99, 7.32, 2.14
2.22, 7.71, 2.54
1.96, 8.60, 2.40
1.87, 9.11, 2.52
1.66, 9.06, 2.11
1.43, 9.45, 1.99
2.04, 10.29, 1.89
2.30, 10.48, 2.24
2.25, 11.43, 1.91
2.32, 11.31, 1.80
2.02, 10.29, 2.16
1.39, 10.62, 2.08
1.64, 9.90, 1.32
1.87, 9.34, 1.76
1.93, 9.12, 1.86
2.01, 8.64, 2.17
2.00, 7.85, 2.91
1.74, 7.13, 2.47
1.96, 6.66, 2.28
1.97, 6.79, 2.60
2.05, 7.63, 2.72
2.16, 8.43, 2.60
1.75, 9.49, 2.59
1.25, 8.10, 0.90
2.63, 11.14, 2.13
2.41, 10.86, 2.21
2.48, 9.94, 1.68
2.21, 7.43, 2.32
1.90, 6.37, 2.86
1.71, 5.92, 2.73
1.74, 6.99, 2.14
1.71, 7.57, 2.16
1.90, 7.90, 1.80
2.21, 10.73, 1.33
2.37, 12.01, 0.38
1.98, 11.84, 2.30
2.61, 10.96, 2.91
2.70, 10.30, 1.60
2.46, 10.57, 1.97
1.98, 10.01, 1.98
1.96, 10.07, 0.93
1.83, 10.77, 1.13
1.70, 10.04, 1.93
1.39, 8.06, 2.96
1.98, 7.97, 2.12
2.06, 7.98, 2.24
1.88, 7.41, 2.54
1.94, 6.45, 2.70
2.07, 6.96, 2.52
2.01, 7.94, 2.07
2.19, 8.28, 2.16
2.07, 8.53, 1.26
2.07, 12.40, 3.84
2.29, 13.61, 1.80
2.05, 11.02, 2.99
2.67, 10.60, 2.34
2.12, 9.98, 1.75
2.12, 6.62, 2.53
1.87, 8.94, 1.77
1.74, 9.43, 2.24
1.80, 11.53, 4.07
1.51, 13.52, 2.01
2.57, 10.11, 2.44
1.46, 10.06, 2.69
1.98, 9.74, 1.96
2.19, 9.04, 1.79
1.87, 9.00, 2.01
1.87, 8.87, 2.22
1.83, 8.65, 1.96
1.91, 8.33, 1.96
1.96, 8.55, 2.01
1.83, 8.87, 1.98
1.79, 9.21, 2.01
1.95, 9.39, 2.10
1.86, 9.44, 2.18
1.85, 9.84, 2.15
1.95, 10.08, 1.98
1.95, 9.78, 2.09
1.74, 9.44, 2.20
1.90, 9.20, 2.08
1.93, 9.25, 1.84
1.90, 9.28, 1.93
1.91, 9.11, 2.07
1.90, 9.02, 2.20
1.87, 9.19, 2.08
1.86, 9.17, 2.07
1.83, 9.43, 2.03
1.94, 9.41, 1.93
1.85, 9.40, 2.00
1.90, 9.62, 1.93
1.86, 9.49, 2.10
1.88, 9.51, 2.06
1.71, 9.35, 2.13
1.74, 9.27, 2.09
1.85, 9.16, 2.10
1.85, 9.02, 2.15
1.75, 8.67, 2.19
1.85, 8.13, 2.31
1.85, 7.94, 2.20
1.84, 8.47, 2.18
1.73, 8.86, 2.47
1.84, 8.83, 2.47
2.06, 9.43, 2.27
2.15, 9.72, 1.44
2.15, 10.17, 1.97
2.55, 9.88, 2.07
2.45, 10.49, 1.66
1.77, 10.77, 1.87
1.80, 10.55, 2.10
1.50, 10.67, 1.79
1.76, 10.48, 1.24
1.76, 10.05, 2.03
1.64, 9.06, 2.51
1.64, 8.20, 2.30
2.01, 7.98, 2.45
1.83, 7.62, 2.45
2.38, 11.34, 3.05
2.55, 10.64, 2.07
2.09, 9.85, 1.85
1.94, 9.91, 1.71
1.67, 10.87, 1.51
1.88, 10.20, 1.57
1.64, 9.96, 2.45
1.24, 8.57, 2.41
1.81, 8.04, 2.28
2.01, 7.41, 2.36
1.91, 7.33, 2.27
2.00, 7.49, 1.92
1.79, 7.64, 1.87
1.78, 7.83, 1.88
1.79, 7.99, 1.82
1.96, 8.29, 1.94
1.68, 8.12, 1.37
2.15, 15.33, 8.13
2.27, 14.14, 0.64
1.66, 13.05, 3.13
2.41, 10.59, 2.31
2.01, 10.23, 1.70
1.55, 10.24, 1.99
2.09, 9.56, 1.20
2.05, 9.92, 1.76
1.42, 9.53, 1.95
1.38, 8.45, 2.38
1.88, 7.82, 2.13
1.91, 7.29, 2.25
1.92, 7.17, 2.38
1.82, 10.13, 2.37
1.88, 10.02, 1.85
2.02, 9.69, 1.62
1.98, 9.40, 1.74
1.79, 9.05, 1.75
1.63, 8.98, 2.05
1.82, 8.14, 2.22
1.69, 8.32, 2.07
1.54, 7.71, 2.19
1.69, 7.61, 2.25
1.78, 8.64, 2.02
1.87, 9.31, 2.05
1.71, 9.86, 2.32
1.71, 9.60, 3.53
2.03, 10.38, 1.71
2.17, 10.55, 2.04
2.45, 11.06, 1.68
2.10, 10.57, 1.78
0.97, 10.52, 2.28
1.70, 10.10, 1.71
1.81, 9.42, 1.70
1.85, 9.36, 1.53
1.78, 9.29, 2.68
1.44, 7.51, 2.79
2.06, 7.39, 2.16
1.89, 7.13, 2.71
1.81, 7.17, 2.19
2.13, 8.20, 1.62
2.00, 8.45, 2.25
2.02, 9.40, 1.61
2.15, 9.48, 2.11
2.03, 9.22, 2.20
2.02, 8.96, 2.45
1.98, 8.94, 2.42
2.21, 9.47, 2.02
1.95, 9.47, 2.10
2.02, 9.39, 2.22
2.07, 9.59, 2.12
1.95, 9.37, 2.13
1.96, 9.19, 2.20
2.04, 9.56, 2.04
1.78, 9.42, 1.90
1.87, 9.21, 1.95
1.96, 9.45, 2.02
1.86, 9.62, 2.03
1.94, 9.45, 2.09
1.92, 9.79, 2.14
1.74, 10.07, 2.22
1.96, 9.29, 1.91
1.93, 8.96, 2.05
1.71, 8.56, 2.02
1.67, 8.44, 2.03
1.71, 8.08, 1.99
1.99, 8.49, 1.98
1.64, 9.08, 1.94
1.52, 8.89, 2.24
1.63, 8.47, 2.67
1.91, 9.58, 2.28
1.89, 10.29, 2.14
1.55, 10.32, 1.76
1.49, 9.92, 1.54
1.44, 10.07, 1.60
1.17, 8.78, 2.17
1.68, 7.80, 2.16
1.24, 7.61, 2.15
1.16, 7.30, 2.62
1.03, 6.76, 2.77
1.09, 6.30, 2.86
1.26, 6.45, 2.35
1.32, 6.63, 2.51
1.28, 6.57, 1.87
1.53, 7.64, 1.93
2.48, 9.86, 1.76
2.82, 9.94, 2.03
2.09, 13.52, 3.25
2.59, 15.70, 0.71
1.60, 9.33, -1.83
2.87, 12.87, 2.14
1.52, 11.69, 1.59
2.14, 10.84, 1.02
2.08, 9.80, 1.27
1.14, 8.66, 2.15
1.58, 7.42, 2.25
1.89, 6.45, 2.49
1.82, 5.91, 2.49
1.58, 6.31, 2.41
1.12, 6.50, 2.10
1.57, 7.00, 1.93
1.46, 7.42, 1.83
1.42, 10.31, 0.66
1.95, 10.63, 1.31
0.96, 8.90, 2.23
1.58, 7.51, 2.75
1.70, 6.14, 2.58
1.33, 5.89, 2.55
1.65, 6.17, 2.35
1.49, 6.78, 2.21
1.02, 6.88, 2.50
1.15, 7.12, 2.34
2.14, 8.32, 1.83
2.38, 9.52, 1.77
1.34, 6.03, -0.46
2.39, 15.51, 3.32
1.04, 8.90, 2.27
2.66, 12.18, 2.16
2.38, 11.17, 2.37
1.87, 11.20, 1.41
2.30, 10.99, 0.76
1.55, 9.52, 1.75
1.09, 9.59, 2.77
1.49, 6.84, 2.54
2.25, 6.62, 1.77
1.91, 5.82, 2.38
1.55, 5.54, 2.23
1.66, 6.13, 2.23
1.73, 6.15, 3.01
1.13, 7.33, 1.94
1.67, 9.70, 1.54
1.86, 10.05, 1.50
1.52, 9.27, 1.68
1.91, 7.86, 2.15
1.88, 6.62, 2.86
1.25, 6.17, 3.12
1.64, 5.85, 2.28
1.74, 6.28, 1.87
1.81, 6.69, 2.50
1.59, 8.04, 2.37
1.74, 8.66, 2.25
2.04, 9.79, 1.91
2.27, 12.88, 1.41
3.44, 3.90, 3.70
2.42, 6.74, 5.96
2.83, 13.76, 1.47
2.41, 10.49, 1.10
1.47, 11.33, 0.78
1.70, 10.49, 1.00
1.44, 10.09, 0.85
1.18, 8.68, 1.36
1.71, 7.53, 2.38
1.76, 6.47, 2.43
1.19, 5.45, 2.83
1.47, 5.57, 2.45
1.47, 6.15, 2.26
1.92, 7.31, 2.20
1.75, 8.83, 1.57
1.63, 9.98, 2.29
2.18, 14.31, 1.09
1.99, 12.74, 1.87
1.75, 7.31, 2.54
1.82, 8.74, 2.09
1.82, 9.98, 1.43
1.89, 10.01, 1.83
2.22, 10.28, 2.12
2.19, 11.14, 1.72
2.24, 11.43, 2.29
2.63, 12.08, 1.90
1.84, 11.43, 1.68
1.36, 11.74, 1.40
1.36, 10.92, 1.05
1.34, 9.73, 1.22
1.95, 9.43, 1.75
1.43, 8.58, 2.04
1.59, 7.44, 2.62
1.72, 5.79, 2.80
1.70, 5.36, 2.93
1.60, 6.10, 2.32
1.40, 6.63, 2.50
1.36, 6.91, 2.27
1.86, 8.49, 1.67
2.04, 9.99, 1.46
2.40, 10.33, 1.14
2.39, 11.33, 2.57
2.55, 14.20, 2.07
2.36, 11.69, 1.75
2.71, 11.24, 1.63
2.12, 11.20, 1.75
1.68, 11.09, 1.53
1.69, 6.34, 2.55
2.11, 5.57, 2.59
1.75, 5.70, 2.68
1.55, 6.79, 2.23
1.23, 7.34, 1.36
1.87, 8.79, 1.79
2.08, 12.03, 1.90
2.10, 11.53, 1.84
1.95, 10.13, 1.35
2.27, 11.96, 1.82
2.78, 12.06, 2.19
3.41, 10.79, 2.29
1.92, 11.02, 1.86
1.10, 10.34, 1.26
1.65, 10.79, 0.74
1.71, 10.74, 1.36
1.42, 9.17, 2.29
1.42, 8.03, 2.35
1.81, 7.11, 2.54
1.88, 6.08, 2.83
1.83, 5.79, 2.72
1.57, 6.27, 2.33
2.05, 7.10, 1.93
1.92, 7.64, 1.88
2.09, 10.00, 1.72
2.44, 12.80, 1.78
1.40, 12.79, 1.41
2.44, 10.32, 2.43
2.81, 10.99, 2.69
2.68, 10.55, 2.01
1.68, 6.29, 2.56
1.72, 6.81, 2.37
2.02, 7.60, 2.16
1.85, 9.81, 1.79
2.47, 15.40, 2.04
1.90, 13.50, 2.03
2.41, 10.61, 2.52
2.60, 11.15, 2.10
3.32, 9.77, 1.81
1.78, 10.31, 2.36
1.30, 10.65, 1.43
1.90, 10.28, 0.98
1.88, 10.13, 1.75
1.49, 8.94, 2.06
1.61, 8.18, 2.15
1.76, 7.49, 2.29
1.56, 6.92, 2.89
1.60, 6.54, 2.89
1.69, 6.90, 2.11
1.47, 7.45, 2.07
2.00, 7.83, 2.18
2.05, 9.59, 2.11
2.24, 10.36, 1.81
1.83, 10.54, 1.85
1.86, 12.39, 1.71
2.64, 11.29, 1.98
2.57, 11.00, 2.01
2.39, 9.95, 1.56
1.56, 9.95, 1.07
1.60, 7.41, 1.95
1.88, 8.12, 1.94
2.35, 9.83, 1.49
2.70, 14.29, 3.80
1.65, 12.68, 1.10
2.37, 11.82, 2.51
2.61, 11.16, 2.07
2.88, 10.14, 1.76
1.56, 9.73, 1.37
1.55, 10.61, 1.34
1.80, 10.42, 1.35
1.98, 9.98, 2.26
1.52, 8.99, 2.23
1.46, 8.00, 2.20
1.90, 7.99, 2.12
1.80, 7.88, 2.32
1.54, 7.69, 2.32
1.60, 7.37, 2.31
1.56, 7.53, 2.14
1.77, 7.75, 1.76
2.32, 7.69, 1.77
2.40, 9.80, 1.58
2.48, 10.74, 1.58
1.38, 12.23, 1.11
2.02, 11.68, 2.93
2.29, 12.00, 2.16
2.56, 11.23, 1.84
1.83, 10.64, 1.75
1.70, 10.91, 1.30
1.79, 7.43, 2.17
2.72, 10.54, 2.21
2.56, 11.52, 1.70
1.90, 10.62, 1.58
1.73, 11.26, 0.69
1.35, 10.66, 0.64
1.55, 10.32, 1.70
1.19, 9.37, 1.99
1.53, 8.42, 1.95
1.90, 7.35, 1.95
1.84, 6.60, 2.25
1.48, 6.27, 2.69
1.12, 6.45, 2.36
1.73, 7.17, 2.42
1.59, 7.34, 1.98
1.48, 8.23, 1.86
1.86, 8.74, 1.58
2.56, 9.12, 1.59
2.67, 11.16, 2.14
1.95, 13.85, 1.44
1.64, 12.73, 1.98
2.85, 11.56, 2.25
1.84, 10.77, 2.17
1.53, 10.58, 1.43
1.99, 11.07, 1.67
1.53, 11.00, 1.69
1.31, 9.91, 2.10
1.93, 8.80, 1.89
2.03, 7.85, 1.94
2.08, 7.04, 2.44
1.57, 7.81, 1.59
1.95, 8.76, 1.30
2.22, 8.92, 1.62
2.80, 11.07, 2.35
2.33, 13.03, 2.11
1.65, 13.09, 2.89
2.69, 12.02, 2.15
2.28, 10.92, 1.84
1.80, 10.64, 1.36
1.49, 10.34, 0.97
1.28, 9.79, 1.59
1.75, 9.92, 2.32
1.62, 8.48, 2.43
1.76, 7.38, 2.59
1.71, 6.46, 2.61
1.72, 6.19, 2.77
1.53, 6.08, 2.46
1.73, 6.98, 2.01
1.96, 7.70, 2.02
1.88, 8.53, 1.65
1.99, 9.10, 1.75
2.61, 11.38, 1.97
2.01, 13.68, 2.73
1.99, 11.88, 3.15
2.84, 11.21, 2.55
2.23, 9.93, 1.71
1.92, 10.80, 1.61
2.10, 10.99, 0.79
1.70, 10.13, 1.59
2.03, 7.84, 1.82
2.60, 10.69, 0.74
1.48, 16.84, 0.99
2.07, 10.31, 2.52
2.90, 10.59, 2.94
2.60, 10.79, 2.44
2.14, 10.00, 3.28
1.98, 10.85, 0.75
1.67, 10.55, 0.87
1.64, 9.98, 1.11
0.88, 9.54, 2.50
1.64, 8.91, 1.84
2.09, 8.03, 1.95
2.22, 7.17, 2.36
1.88, 6.27, 2.94
1.51, 5.93, 2.87
2.08, 6.56, 2.38
2.13, 7.26, 2.44
2.04, 7.98, 2.23
1.74, 11.45, 1.01
2.17, 13.59, 0.37
2.91, 9.86, 3.24
2.33, 9.84, 2.57
2.23, 9.20, 2.15
2.31, 9.13, 0.66
2.09, 11.06, 1.38
1.73, 10.42, 1.59
1.47, 9.65, 1.63
1.23, 9.51, 2.15
1.93, 11.98, 1.72
2.54, 13.22, 1.53
2.65, 10.86, 2.85
2.29, 9.68, 2.60
2.41, 10.57, 1.71
1.89, 10.70, 1.51
2.00, 10.51, 1.20
1.15, 10.41, 1.64
1.33, 9.58, 2.05
2.04, 8.69, 2.07
1.94, 7.49, 2.34
1.64, 6.23, 2.99
1.49, 5.82, 2.64
1.69, 6.34, 2.00
1.45, 6.91, 2.19
1.74, 7.16, 2.70
1.91, 7.78, 1.86
2.41, 8.53, 2.14
2.20, 14.22, 1.79
3.04, 16.99, 2.78
2.61, 8.98, 2.90
2.78, 10.60, 3.97
3.15, 10.34, 3.89
1.75, 10.34, 0.01
1.86, 11.49, -0.18
1.83, 9.71, 1.50
1.43, 9.93, 2.60
1.51, 8.99, 1.88
1.76, 7.00, 2.54
1.78, 4.73, 3.57
2.26, 9.21, 2.14
2.30, 9.10, 2.29
2.19, 8.97, 3.83
2.44, 9.03, 2.65
2.31, 9.19, 2.06
2.25, 9.36, 1.96
2.30, 9.26, 2.38
2.25, 9.18, 2.15
2.24, 9.22, 2.29
2.31, 9.21, 2.07
2.26, 9.16, 2.18
2.25, 9.23, 2.21
2.24, 9.22, 2.25
2.22, 9.22, 2.23
2.29, 9.10, 2.21
2.30, 9.18, 2.22
2.25, 9.19, 2.31
2.35, 9.20, 2.25
2.20, 9.17, 2.15
2.29, 9.19, 2.23
2.26, 9.22, 2.24
2.29, 9.21, 2.23
2.28, 9.17, 2.17
2.30, 9.28, 2.26
2.22, 9.21, 2.22
2.29, 9.17, 2.21
2.30, 9.18, 2.23
2.22, 9.20, 2.24
2.29, 9.24, 2.30
2.26, 9.24, 2.24
2.30, 9.15, 2.29
2.32, 9.12, 2.26
2.16, 9.17, 2.23
2.33, 9.22, 2.14
2.32, 9.19, 2.30
2.34, 9.22, 2.28
2.26, 9.22, 2.25
2.26, 9.20, 2.21
2.25, 9.19, 2.28
2.26, 9.15, 2.19
2.26, 9.21, 2.24
2.38, 9.21, 2.30
2.30, 9.25, 2.29
2.24, 9.23, 2.21
2.30, 9.18, 2.28
2.29, 9.19, 2.22
2.31, 9.19, 2.21
2.29, 9.21, 2.23
2.33, 9.17, 2.28
2.26, 9.19, 2.24
2.24, 9.11, 2.22
2.24, 9.22, 2.23
2.33, 9.21, 2.26
2.26, 9.25, 2.16
2.26, 9.21, 2.27
2.25, 9.22, 2.26
2.31, 9.18, 2.19
2.30, 9.22, 2.26
2.29, 9.24, 2.33
2.25, 9.17, 2.20
2.26, 9.11, 2.24
2.22, 9.20, 2.23
2.30, 9.21, 2.18
2.22, 9.23, 2.19
2.30, 9.15, 2.36
2.28, 9.28, 2.25
2.28, 9.23, 2.26
2.31, 9.27, 2.32
2.26, 9.11, 2.24
2.25, 9.19, 2.25
2.35, 9.18, 2.27
2.30, 9.18, 2.18
2.23, 9.20, 2.14
2.33, 9.30, 2.16
2.26, 9.22, 2.26
2.26, 9.19, 2.25
2.27, 9.21, 2.22
2.25, 9.25, 2.29
2.29, 9.24, 2.26
2.22, 9.16, 2.31
2.23, 9.19, 2.27
2.32, 9.17, 2.32
4.02, 8.98, 3.06
4.64, 9.04, 2.30
1.62, 6.03, 2.96
0.09, 13.14, -0.94
0.85, 9.40, 1.44
2.11, 9.28, 2.05
3.38, 9.18, 2.02
2.04, 9.24, 2.44
2.34, 9.19, 2.52
2.25, 9.20, 2.39
2.36, 9.11, 2.43
2.20, 9.15, 2.37
2.31, 9.16, 3.32
2.43, 9.09, 2.34
2.40, 9.10, 2.43
2.58, 9.04, 2.15
2.54, 9.43, 2.30
2.26, 9.19, 0.64
3.59, 9.03, 2.11
3.54, 8.88, 1.10
1.60, 8.87, 3.22
1.94, 9.25, 2.48
3.08, 9.99, 0.09
1.47, 10.30, 3.63
1.70, 10.86, 2.44
1.75, 10.14, 3.12
2.36, 9.85, 3.11
2.48, 8.42, 3.31
2.67, 7.49, 2.70
2.55, 7.73, 2.99
2.68, 9.13, 2.82
2.37, 10.43, 2.60
1.83, 10.41, 2.54
0.98, 9.75, 1.79
0.84, 9.15, 1.71
0.63, 8.97, 1.63
1.31, 9.82, 1.90
1.63, 9.78, 2.23
-0.97, 8.35, 0.66
-0.47, 6.63, 0.74
0.33, 7.01, 0.79
0.59, 6.68, -0.28
0.14, 5.50, 0.54
1.97, 5.44, 1.76
1.74, 5.88, 1.46
1.63, 7.01, 1.55
1.01, 8.46, 1.75
0.57, 10.50, 2.05
-0.03, 12.87, 2.34
-0.06, 14.88, 3.05
0.40, 14.89, 3.21
-0.80, 13.07, 2.04
-0.37, 10.39, 2.78
-0.00, 8.01, 2.03
0.69, 6.91, 1.26
1.31, 6.34, 1.01
2.24, 6.67, 1.71
2.04, 6.42, 1.56
3.08, 7.20, 2.16
2.31, 7.75, 1.85
1.19, 9.26, 1.73
0.86, 12.29, 2.54
-0.83, 14.77, 1.91
-1.52, 15.05, 2.30
-0.94, 13.72, 1.34
-2.54, 10.95, 1.47
1.99, 6.10, 1.56
1.85, 6.88, 1.58
1.70, 7.29, 1.71
1.51, 8.20, 1.76
1.62, 9.22, 2.09
0.68, 10.32, 2.08
-0.10, 12.00, 2.38
0.55, 12.76, 3.05
-0.22, 12.47, 2.47
0.82, 10.53, 2.65
0.83, 8.35, 1.91
1.25, 7.89, 1.54
1.44, 7.67, 1.62
1.25, 8.10, 1.69
1.57, 8.99, 2.16
1.31, 9.94, 1.83
0.98, 10.30, 1.74
0.73, 9.94, 1.72
0.82, 9.98, 1.71
0.79, 9.61, 1.62
0.71, 9.47, 1.77
0.52, 9.91, 1.75
0.93, 10.94, 2.09
-0.23, 10.58, 1.32
-0.01, 10.02, 1.37
0.44, 9.06, 1.57
0.79, 8.64, 1.78
1.38, 8.30, 1.86
1.63, 8.21, 2.11
1.17, 8.23, 1.75
0.67, 9.77, 1.18
0.14, 8.95, 1.20
0.43, 8.61, 0.95
0.68, 8.53, 1.34
1.24, 8.93, 1.90
1.54, 8.86, 2.00
1.58, 8.68, 2.18
2.16, 8.86, 2.38
1.50, 9.00, 2.24
1.37, 9.19, 1.81
1.09, 9.12, 1.97
1.82, 9.80, 1.20
0.36, 10.91, 2.37
0.36, 11.58, 1.72
0.55, 11.73, 1.82
0.68, 11.43, 1.81
-0.08, 10.25, 1.02
0.22, 8.87, 1.24
0.52, 8.34, 1.15
0.58, 8.38, 1.21
0.84, 8.71, 1.53
1.31, 8.95, 1.90
1.39, 8.85, 1.81
1.30, 8.92, 1.82
1.45, 9.02, 2.13
1.58, 9.42, 2.58
1.28, 9.48, 2.14
1.38, 9.58, 2.15
1.11, 9.49, 1.97
0.53, 9.42, 1.85
0.87, 9.40, 1.97
0.79, 9.42, 1.77
0.86, 9.23, 1.67
1.25, 9.76, 1.97
0.73, 10.19, 1.77
0.87, 10.26, 1.81
0.73, 10.11, 2.02
0.69, 10.23, 1.89
0.67, 10.02, 1.62
0.46, 9.22, 1.53
0.82, 8.80, 1.77
0.76, 8.53, 2.01
0.91, 8.51, 1.30
1.18, 8.67, 1.71
1.19, 9.30, 1.78
1.31, 9.17, 1.61
0.96, 9.11, 1.48
0.77, 8.89, 1.31
0.41, 8.61, 0.97
0.51, 9.07, 1.10
0.60, 9.23, 1.38
0.67, 8.99, 1.57
0.95, 9.13, 1.61
0.78, 8.71, 1.47
1.05, 8.69, 1.28
1.35, 9.58, 1.93
1.42, 10.79, 2.70
1.20, 11.84, 2.83
1.08, 12.17, 2.85
0.97, 7.71, 1.34
1.38, 9.00, 1.98
1.12, 9.75, 1.66
0.98, 11.19, 2.66
0.56, 13.04, 2.72
0.48, 13.30, 2.52
0.16, 12.44, 2.42
-0.48, 10.58, 1.82
-0.51, 8.51, 0.86
-0.36, 7.65, 1.06
0.38, 7.28, 0.89
0.84, 7.72, 1.50
1.17, 7.81, 1.43
1.43, 7.98, 1.67
1.14, 8.22, 1.41
1.16, 8.50, 1.21
1.16, 8.73, 1.45
1.27, 9.08, 1.44
1.02, 9.55, 1.44
1.02, 9.26, 1.97
1.15, 9.53, 2.43
0.60, 9.64, 1.80
0.89, 10.01, 2.04
1.22, 10.44, 2.39
1.59, 10.61, 2.47
1.17, 10.13, 2.22
1.15, 9.89, 2.26
0.73, 10.45, 2.07
0.35, 10.69, 1.43
0.75, 10.57, 1.91
0.65, 10.83, 2.15
0.52, 10.58, 1.95
1.32, 9.77, 2.18
1.13, 8.78, 1.85
1.20, 8.23, 1.81
1.71, 8.03, 1.92
1.71, 7.81, 1.41
1.80, 8.11, 2.20
1.53, 8.55, 2.00
1.48, 8.85, 2.04
0.45, 9.76, 1.93
0.29, 10.89, 1.73
0.11, 10.38, 1.74
0.26, 9.95, 1.66
0.07, 9.65, 1.39
0.03, 9.05, 1.32
0.05, 8.87, 1.15
0.16, 8.35, 0.90
0.33, 7.98, 0.84
0.41, 7.75, 0.83
0.32, 7.60, 0.57
0.78, 8.05, 0.91
0.92, 8.92, 1.72
1.59, 9.63, 2.32
2.32, 9.11, 2.36
2.49, 9.34, 2.26
2.18, 10.30, 2.90
1.39, 11.49, 3.21
1.41, 12.23, 2.52
1.19, 9.31, 2.23
1.53, 9.07, 1.47
1.45, 8.88, 2.11
1.67, 8.83, 2.32
1.70, 8.27, 1.95
1.61, 8.01, 2.10
1.67, 8.06, 1.74
1.41, 8.13, 1.82
0.81, 7.85, 1.70
1.09, 8.25, 1.35
1.80, 8.67, 1.11
1.83, 8.70, 1.75
1.64, 9.61, 2.66
1.29, 10.64, 2.68
0.95, 11.16, 2.12
0.76, 11.78, 1.75
0.41, 12.23, 2.12
-0.04, 12.17, 1.47
0.87, 11.77, 1.57
-0.34, 10.28, 1.73
0.24, 9.90, 1.62
0.26, 9.22, 1.29
0.68, 8.82, 1.10
1.08, 8.86, 1.52
1.13, 8.70, 1.37
1.54, 8.95, 1.81
1.43, 8.75, 2.13
1.46, 8.84, 2.16
1.51, 8.70, 1.99
1.39, 8.67, 2.01
1.07, 9.45, 1.63
1.05, 9.36, 1.93
1.36, 9.51, 1.99
0.91, 10.36, 2.20
0.93, 10.66, 2.14
1.00, 10.78, 2.43
1.24, 10.81, 2.16
0.91, 10.77, 1.97
1.04, 11.22, 2.26
0.22, 10.83, 2.13
0.75, 10.65, 1.49
0.20, 9.46, 1.33
0.54, 8.48, 1.02
0.59, 8.40, 1.01
1.02, 8.43, 1.52
1.30, 8.89, 1.80
1.41, 8.93, 2.36
1.59, 8.86, 1.82
1.64, 8.73, 2.15
1.38, 8.66, 1.74
1.52, 8.59, 2.00
1.47, 8.77, 2.14
1.36, 8.44, 1.78
1.13, 8.40, 1.33
0.62, 8.45, 1.27
0.91, 8.79, 1.08
1.03, 8.85, 1.67
1.16, 9.10, 2.30
1.35, 9.11, 2.00
0.28, 8.54, 1.96
1.89, 8.70, 2.12
1.85, 8.64, 2.21
1.46, 8.48, 2.12
1.97, 8.78, 2.26
1.87, 8.70, 1.99
1.40, 8.79, 1.74
1.32, 8.87, 1.66
1.16, 9.11, 1.89
1.37, 9.35, 1.65
1.32, 9.70, 2.21
0.88, 10.98, 2.30
1.02, 11.43, 2.44
0.56, 11.71, 2.04
0.85, 11.54, 2.11
0.72, 10.26, 1.82
0.67, 9.42, 1.70
0.65, 8.52, 1.60
0.78, 8.31, 1.29
1.14, 8.73, 1.30
1.16, 9.34, 2.03
1.41, 9.43, 1.76
1.14, 9.61, 2.26
1.18, 9.77, 2.05
0.82, 9.62, 1.87
0.76, 9.42, 2.07
1.30, 9.96, 2.35
1.30, 9.35, 2.13
1.00, 8.77, 1.75
0.85, 8.42, 1.64
0.56, 9.20, 1.52
0.43, 9.33, 1.47
0.40, 9.75, 1.60
0.32, 9.69, 1.62
0.73, 9.77, 1.88
0.70, 9.77, 1.93
0.64, 9.96, 1.94
0.39, 9.87, 1.72
0.75, 9.86, 1.94
0.80, 9.52, 1.77
0.74, 9.16, 1.70
0.82, 9.30, 1.90
0.87, 9.39, 1.90
0.85, 9.46, 1.96
0.83, 9.54, 1.87
0.92, 9.59, 2.03
0.90, 9.55, 2.00
0.82, 9.36, 1.90
0.79, 9.34, 1.82
0.85, 9.25, 1.81
0.87, 9.30, 1.86
0.90, 9.49, 1.98
0.83, 9.57, 2.03
0.85, 9.47, 1.92
0.86, 9.27, 1.87
0.92, 9.35, 1.85
0.92, 9.57, 1.91
0.96, 9.58, 1.95
0.85, 9.59, 1.91
0.86, 9.44, 1.93
0.91, 9.51, 2.00
0.96, 9.65, 2.03
0.85, 9.58, 1.97
0.86, 9.25, 1.87
0.90, 9.28, 1.88
0.85, 9.30, 1.89
0.90, 9.31, 1.87
0.87, 9.50, 1.96
0.95, 9.47, 1.90
0.95, 9.48, 1.98
0.91, 9.51, 1.91
0.96, 9.57, 1.91
0.87, 9.48, 1.85
0.89, 9.38, 1.95
0.88, 9.44, 1.92
0.74, 9.23, 1.87
0.83, 9.23, 1.95
0.95, 9.40, 1.95
0.98, 9.42, 1.94
0.87, 9.49, 1.88
0.89, 9.45, 1.84
0.99, 9.35, 1.94
0.83, 9.29, 1.84
1.17, 9.22, 2.02
1.02, 9.44, 2.15
0.99, 9.51, 2.16
0.86, 9.89, 2.06
0.68, 9.98, 1.89
0.91, 9.96, 1.91
0.67, 9.71, 1.92
0.67, 9.58, 1.81
0.55, 9.25, 1.71
0.68, 9.23, 1.76
0.47, 9.22, 1.68
0.71, 9.14, 1.66
0.67, 9.12, 1.67
0.66, 9.21, 1.71
0.68, 9.31, 1.74
0.81, 9.24, 1.86
0.87, 9.07, 1.84
0.78, 8.76, 1.67
0.77, 8.69, 1.63
0.90, 8.60, 1.74
1.08, 8.93, 1.92
1.40, 8.98, 1.55
1.35, 9.14, 2.06
1.19, 9.62, 2.60
1.33, 10.32, 2.52
1.17, 10.95, 2.51
0.13, 11.31, 1.95
0.48, 11.73, 2.33
1.21, 11.44, 1.98
0.40, 10.29, 0.84
-0.59, 9.36, 0.93
0.32, 9.00, 1.33
0.71, 9.06, 1.28
1.08, 9.18, 2.34
1.22, 9.22, 2.22
0.98, 10.11, 2.26
0.58, 9.99, 2.38
0.79, 7.91, 1.34
0.52, 8.30, 1.15
0.17, 8.43, 1.10
0.34, 8.77, 1.24
0.42, 9.14, 1.40
0.52, 9.39, 1.53
0.80, 9.55, 2.18
0.61, 9.30, 2.09
0.80, 10.01, 2.09
0.63, 10.44, 2.49
0.42, 11.37, 2.63
0.51, 11.48, 2.52
0.44, 10.31, 1.97
-0.00, 9.56, 1.65
0.16, 9.33, 1.40
0.30, 8.77, 1.54
0.46, 8.69, 1.39
0.57, 8.77, 1.59
0.98, 9.11, 1.92
0.89, 9.28, 1.89
0.85, 9.30, 1.91
0.56, 9.09, 1.91
0.85, 9.10, 1.95
0.70, 9.01, 1.72
0.92, 8.97, 1.73
0.53, 8.77, 1.52
0.27, 8.52, 1.10
0.06, 8.43, 0.81
0.52, 8.24, 1.31
0.97, 8.71, 2.06
-0.50, 9.77, 1.69
-0.28, 8.80, 0.70
0.27, 8.15, 0.52
0.86, 8.21, 1.19
1.00, 8.66, 1.68
1.32, 8.62, 1.54
1.29, 8.83, 2.03
1.42, 8.74, 2.01
1.53, 9.03, 2.42
1.32, 9.07, 2.46
1.83, 9.06, 2.18
1.13, 8.65, 1.92
0.97, 8.74, 1.75
0.42, 8.88, 1.60
0.76, 9.39, 1.53
0.82, 9.28, 1.92
1.03, 9.49, 1.72
0.99, 9.79, 1.84
0.50, 10.59, 2.04
0.80, 11.27, 2.88
0.17, 12.09, 2.24
0.35, 12.30, 1.97
-0.37, 11.56, 2.32
-0.35, 10.40, 2.26
-0.06, 8.61, 1.11
0.12, 7.68, 1.03
0.66, 7.34, 0.91
1.17, 7.67, 1.32
1.61, 7.39, 1.79
0.35, 10.98, 2.06
0.82, 11.49, 2.30
0.75, 11.44, 2.34
-0.04, 11.07, 1.34
0.39, 10.51, 1.44
-0.86, 9.26, 1.06
0.09, 9.16, 1.51
0.82, 8.61, 1.03
1.02, 8.84, 1.47
1.49, 9.13, 2.30
1.45, 8.70, 1.89
1.55, 8.62, 1.95
0.99, 8.69, 1.78
1.73, 9.13, 2.33
1.40, 9.02, 1.90
1.09, 9.34, 1.75
0.95, 9.95, 1.83
0.39, 11.17, 1.91
0.33, 11.35, 1.97
0.81, 10.34, 1.82
0.03, 9.24, 1.42
0.28, 9.03, 1.21
0.56, 8.96, 1.44
0.85, 8.98, 1.68
1.27, 9.31, 1.65
1.15, 9.17, 1.85
1.41, 9.27, 1.89
1.03, 9.57, 1.93
0.99, 10.10, 2.11
0.89, 10.73, 2.07
1.21, 9.22, 1.93
0.94, 9.21, 2.05
1.06, 9.32, 2.06
1.14, 9.45, 2.09
1.03, 9.08, 1.83
0.96, 9.30, 1.70
0.94, 9.44, 1.81
1.13, 9.35, 1.96
0.76, 10.16, 2.47
0.99, 10.88, 2.18
1.15, 11.22, 2.63
0.97, 11.37, 2.48
0.75, 11.61, 2.37
-0.27, 11.40, 2.00
0.11, 11.00, 2.13
-0.14, 9.56, 0.89
-0.13, 8.37, 1.08
0.27, 7.96, 1.23
0.92, 7.91, 1.36
1.49, 8.16, 1.97
2.11, 8.05, 2.70
2.15, 8.08, 2.70
1.61, 8.06, 2.13
2.15, 8.13, 2.18
1.57, 8.39, 2.08
1.17, 8.28, 1.74
1.00, 8.27, 1.37
1.16, 8.57, 0.90
0.76, 9.50, 1.67
-0.12, 10.74, 2.00
0.11, 10.91, 1.72
0.32, 10.07, 1.22
-0.30, 9.31, 1.48
0.53, 9.78, 1.49
0.64, 9.65, 1.39
0.92, 9.78, 2.01
0.96, 9.63, 2.07
1.22, 9.15, 2.16
1.63, 8.77, 1.94
1.53, 8.19, 1.96
1.61, 7.99, 1.96
1.38, 8.24, 1.93
1.95, 9.07, 2.06
1.41, 8.87, 1.85
1.10, 8.84, 1.81
1.35, 8.87, 1.89
1.30, 9.20, 2.11
-0.47, 10.07, 2.56
0.93, 9.21, 2.43
1.31, 9.77, 1.98
1.04, 11.25, 2.56
0.85, 12.09, 2.71
0.18, 11.31, 2.38
0.87, 10.41, 1.73
-0.02, 9.48, 0.90
0.47, 9.49, 1.45
0.87, 8.96, 1.54
1.08, 9.01, 2.31
1.78, 8.96, 1.70
1.32, 9.43, 1.92
1.07, 9.27, 1.99
1.32, 9.55, 2.60
0.90, 9.29, 2.47
0.93, 9.87, 2.36
1.54, 9.68, 1.64
1.86, 9.95, 2.02
1.56, 10.00, 1.88
2.12, 10.14, 2.15
1.99, 9.92, 2.08
1.80, 9.43, 2.07
1.17, 9.20, 1.69
1.80, 9.37, 1.77
1.74, 9.20, 1.92
2.09, 9.09, 2.12
2.12, 9.10, 2.10
1.89, 9.00, 1.98
1.96, 8.98, 2.30
2.29, 8.91, 1.56
2.32, 9.35, 2.36
2.09, 9.05, 2.41
1.64, 9.12, 2.07
2.26, 9.24, 1.80
2.43, 9.05, 2.31
2.40, 7.54, 2.41
2.30, 9.20, 2.27
2.29, 9.29, 2.26
2.18, 9.24, 2.02
2.24, 9.26, 2.17
2.30, 9.19, 2.20
0.82, 10.05, 1.60
1.22, 9.27, 0.79
1.56, 8.51, 1.42
1.62, 8.11, 1.65
2.43, 6.90, 1.94
3.20, 7.20, 2.33
3.06, 7.77, 2.59
1.79, 7.44, 2.05
2.60, 7.71, 2.15
2.10, 8.04, 2.29
2.33, 8.07, 1.82
1.89, 8.73, 1.77
3.04, 11.03, 4.19
2.45, 10.26, 3.34
1.26, 10.18, 2.43
2.31, 11.00, 2.21
0.69, 10.82, 3.38
1.17, 11.81, 2.66
1.64, 10.68, 1.90
0.72, 9.66, 1.32
0.42, 9.15, 1.06
0.89, 9.31, 1.42
1.63, 9.00, 1.67
2.10, 9.10, 1.75
2.10, 8.82, 2.09
2.50, 8.64, 1.99
2.08, 8.20, 2.18
2.41, 8.46, 2.42
2.25, 8.23, 2.51
1.71, 10.72, 2.50
1.87, 8.60, 1.92
2.16, 8.76, 2.22
2.46, 8.47, 2.23
2.49, 8.09, 2.25
2.38, 8.46, 2.22
2.84, 8.67, 2.55
2.29, 8.68, 1.96
1.58, 8.74, 2.68
2.94, 8.88, 1.91
1.98, 9.18, 1.64
2.42, 9.92, 1.48
2.86, 19.61, 2.02
1.78, 9.21, 2.53
1.85, 10.63, 1.45
1.78, 10.26, 1.77
1.22, 10.47, 1.61
1.24, 10.06, 2.01
1.64, 9.72, 2.10
1.67, 9.04, 1.58
1.52, 8.67, 1.77
1.76, 8.60, 2.03
2.08, 8.80, 2.31
2.33, 8.70, 2.05
2.45, 8.40, 2.32
2.39, 8.26, 2.28
2.23, 8.20, 2.35
2.32, 8.58, 2.32
1.76, 8.90, 1.53
1.26, 8.36, 2.00
1.82, 19.61, 4.72
2.09, 9.30, 3.77
1.67, 8.26, 3.69
1.82, 10.01, 1.84
2.13, 11.21, 2.67
1.60, 11.07, 2.61
1.39, 10.45, 2.66
1.35, 9.40, 2.03
1.15, 8.88, 1.30
1.48, 8.52, 1.33
1.95, 8.39, 1.74
2.18, 8.00, 1.69
2.42, 8.07, 2.26
2.61, 8.21, 2.27
2.20, 8.40, 2.35
2.37, 8.42, 2.29
2.43, 8.74, 2.28
2.34, 8.54, 2.70
1.94, 8.25, 2.20
2.10, 9.22, 2.81
1.57, 9.69, 3.56
2.89, 11.13, 4.02
1.92, 11.52, 3.93
1.14, 11.36, 2.61
2.06, 11.20, 2.26
0.71, 9.87, 1.18
0.65, 8.94, 1.07
1.32, 8.82, 1.05
1.59, 8.39, 1.30
1.77, 8.24, 1.88
2.27, 9.39, 4.46
1.91, 19.61, 4.65
1.98, 9.04, 1.98
1.93, 11.18, 2.26
1.36, 9.91, 1.84
0.53, 9.54, 1.26
0.87, 9.28, 1.33
1.48, 9.30, 1.30
1.80, 8.98, 2.38
2.33, 8.46, 2.41
2.78, 8.36, 2.55
2.90, 8.33, 2.66
2.07, 8.06, 2.21
3.14, 8.46, 2.76
2.43, 8.66, 2.46
2.54, 9.00, 2.51
2.56, 9.39, 3.07
X, Y, Z 
1.47, 9.87, 1.60
1.24, 9.02, 1.99
0.91, 8.51, 1.92
0.61, 8.25, 1.90
0.29, 8.04, 1.62
0.11, 7.79, 1.77
0.02, 7.46, 1.82
0.09, 6.91, 2.01
0.29, 6.50, 2.18
0.64, 6.73, 2.53
0.57, 6.87, 2.39
0.83, 7.64, 2.58
1.11, 12.58, 1.35
1.14, 12.27, 1.43
0.98, 11.47, 1.27
1.27, 10.55, 1.88
1.21, 10.00, 1.82
1.06, 9.65, 1.90
0.80, 9.26, 1.80
0.78, 9.11, 1.67
0.49, 8.88, 1.75
0.37, 8.42, 1.72
0.25, 8.07, 1.85
0.37, 7.55, 1.88
0.48, 7.25, 1.93
0.54, 7.04, 2.35
1.10, 7.08, 2.73
0.85, 7.85, 2.62
0.90, 7.48, 1.15
1.65, 10.99, 2.94
1.73, 11.27, 1.49
1.55, 13.11, 1.16
1.24, 13.99, 1.04
1.21, 13.64, 1.80
1.16, 12.82, 1.41
1.16, 11.70, 1.87
1.31, 10.31, 2.19
1.22, 9.11, 2.23
0.97, 8.25, 2.17
0.65, 7.80, 2.11
0.35, 7.52, 1.87
0.66, 10.93, 1.44
0.59, 12.02, 1.40
0.65, 12.56, 1.22
0.72, 12.32, 1.50
1.08, 11.69, 1.73
1.21, 10.84, 1.81
1.22, 10.31, 1.74
0.99, 9.80, 1.69
1.20, 9.54, 1.68
0.94, 9.33, 1.64
0.76, 8.90, 1.80
0.59, 8.35, 1.87
0.55, 7.95, 1.96
0.45, 7.59, 2.04
0.44, 7.46, 2.15
0.55, 7.34, 2.17
0.88, 7.37, 2.22
0.92, 7.75, 2.35
0.79, 8.91, 2.44
0.68, 9.78, 2.33
0.81, 11.21, 1.81
1.26, 12.08, 1.55
1.13, 12.98, 1.27
1.13, 13.22, 1.45
1.06, 12.96, 1.08
1.23, 12.19, 1.52
1.11, 11.09, 1.84
1.31, 10.07, 1.81
1.19, 9.30, 1.93
0.74, 8.48, 1.82
0.69, 6.82, 2.34
1.03, 7.86, 2.16
1.02, 9.46, 2.07
0.56, 11.43, 1.61
0.50, 12.63, 1.61
0.48, 13.58, 1.54
0.74, 13.51, 1.46
1.01, 12.82, 1.64
1.32, 11.90, 1.65
1.32, 10.85, 1.70
1.07, 10.01, 2.07
1.01, 9.29, 2.19
0.56, 9.02, 2.21
0.32, 8.49, 1.84
0.30, 8.05, 2.01
0.15, 7.63, 2.07
0.17, 7.12, 2.00
0.25, 6.75, 2.32
0.24, 6.54, 2.19
0.41, 6.82, 2.28
1.03, 7.16, 1.90
1.09, 8.42, 2.10
0.67, 9.58, 2.27
0.78, 10.89, 1.80
0.90, 12.00, 1.29
0.92, 12.63, 1.59
1.08, 12.67, 1.11
1.34, 12.16, 1.40
1.28, 11.52, 1.46
0.05, 7.14, 2.03
0.16, 6.87, 2.13
1.43, 9.62, 2.37
1.36, 11.27, 1.59
1.38, 12.54, 1.34
1.36, 13.51, 0.70
1.45, 13.45, 0.89
1.33, 12.80, 0.99
1.46, 11.88, 1.50
1.39, 10.94, 1.81
1.34, 10.13, 1.79
1.27, 9.50, 2.00
0.94, 8.97, 2.27
0.62, 8.57, 1.81
0.45, 8.19, 2.01
0.23, 7.82, 1.90
0.06, 7.39, 2.08
0.20, 6.99, 2.15
0.36, 6.64, 2.24
0.36, 6.76, 2.21
0.49, 7.04, 2.31
0.74, 7.37, 2.11
1.29, 8.00, 2.55
1.23, 8.87, 2.12
1.22, 10.63, 1.78
1.16, 12.26, 1.37
0.92, 13.67, 1.26
1.11, 14.43, 0.79
1.26, 14.02, 1.03
1.23, 9.13, 1.73
0.77, 8.62, 1.80
0.23, 8.09, 1.63
0.20, 7.70, 1.57
-0.05, 7.13, 1.81
-0.10, 6.56, 1.84
-0.06, 6.15, 1.99
0.09, 6.06, 1.91
0.42, 6.18, 2.13
0.42, 6.43, 2.10
0.18, 7.26, 2.44
1.11, 7.90, 1.87
1.16, 9.71, 1.79
0.62, 11.98, 1.46
0.17, 13.30, 1.11
0.15, 13.87, 1.15
0.61, 13.59, 1.44
0.96, 12.60, 1.70
0.97, 11.26, 1.82
1.07, 10.30, 2.02
1.24, 9.62, 2.02
0.68, 9.35, 1.96
0.57, 8.98, 1.77
0.19, 8.48, 1.61
0.08, 8.02, 1.65
0.13, 7.35, 1.79
0.28, 6.99, 1.93
0.34, 6.45, 2.02
0.49, 6.47, 2.12
0.64, 7.01, 2.02
1.41, 10.83, 1.72
1.20, 10.22, 1.70
1.08, 9.74, 1.55
0.82, 9.52, 1.66
0.60, 9.13, 1.39
0.60, 8.78, 1.47
0.31, 8.35, 1.73
0.25, 7.99, 1.72
0.15, 7.47, 1.91
0.21, 7.18, 2.12
0.36, 7.24, 2.23
0.42, 7.47, 2.24
0.59, 7.80, 2.17
0.86, 8.32, 2.15
1.05, 9.13, 2.14
1.18, 10.47, 1.84
0.76, 11.87, 1.66
0.65, 12.84, 1.12
1.00, 13.28, 0.94
0.89, 13.18, 1.17
0.98, 12.24, 1.58
1.05, 11.20, 1.20
0.84, 10.21, 1.77
1.07, 9.30, 1.74
0.79, 8.90, 1.85
0.47, 8.40, 1.47
0.23, 8.07, 1.62
-0.08, 7.71, 1.73
-0.02, 7.19, 1.66
0.54, 12.34, 2.17
0.24, 14.09, 1.14
0.63, 14.99, 0.71
0.80, 14.75, 1.22
0.93, 13.50, 1.24
1.02, 11.94, 1.24
1.20, 10.68, 1.63
1.05, 9.53, 2.20
0.70, 9.17, 2.23
0.35, 8.71, 1.79
-0.01, 8.44, 1.54
-0.15, 7.98, 1.46
-0.07, 7.16, 1.60
0.13, 6.37, 1.64
0.17, 5.87, 1.79
0.05, 5.60, 1.78
0.30, 5.72, 1.90
0.47, 5.97, 2.02
0.53, 6.55, 1.57
0.95, 8.14, 1.84
0.46, 10.63, 1.68
-0.25, 12.85, 1.49
0.02, 14.01, 1.19
0.02, 14.15, 1.10
0.61, 13.32, 1.54
1.07, 12.01, 1.71
1.10, 10.88, 1.93
0.92, 10.12, 2.02
0.82, 9.71, 1.84
0.36, 7.47, 1.98
0.63, 8.11, 2.21
0.65, 13.45, 1.33
0.60, 12.93, 1.33
0.87, 11.86, 1.67
0.94, 11.02, 1.65
0.79, 10.15, 1.99
0.73, 9.50, 1.82
0.51, 8.97, 1.76
0.42, 8.64, 1.61
0.07, 8.17, 1.81
0.01, 7.64, 1.54
0.11, 7.26, 1.64
0.03, 6.80, 1.93
-0.05, 6.52, 1.94
0.17, 6.52, 2.21
0.37, 6.64, 2.25
0.62, 6.89, 2.06
0.53, 7.72, 2.38
0.83, 9.01, 2.18
0.58, 10.67, 2.08
0.48, 12.30, 1.40
0.33, 13.98, 1.00
0.53, 14.92, 1.03
0.42, 14.83, 0.92
0.62, 13.88, 1.03
0.54, 12.79, 1.32
0.90, 11.23, 2.19
1.13, 9.78, 1.82
0.92, 9.08, 1.99
-0.24, 6.41, 1.49
-0.14, 5.66, 1.73
-0.19, 5.50, 1.93
0.02, 5.60, 1.91
0.09, 5.83, 2.04
0.28, 6.31, 2.11
0.28, 6.88, 2.65
0.48, 9.04, 2.18
-0.01, 11.09, 1.98
-0.38, 12.67, 1.25
-0.53, 13.52, 1.24
-0.12, 13.48, 1.30
0.43, 12.60, 1.74
0.61, 11.51, 2.04
1.05, 10.76, 2.21
0.82, 10.39, 1.93
0.72, 10.16, 1.91
0.51, 10.01, 1.71
0.34, 9.62, 1.48
0.14, 9.40, 1.57
-0.09, 8.83, 1.92
0.12, 8.27, 1.76
-0.15, 7.88, 1.93
-0.09, 7.40, 1.99
0.05, 7.18, 2.00
0.17, 7.02, 2.23
0.33, 7.26, 2.06
0.40, 7.61, 2.16
0.58, 12.06, 1.37
0.40, 10.98, 1.71
0.77, 10.06, 1.58
0.72, 9.24, 1.83
0.43, 8.73, 1.72
0.22, 8.24, 1.53
0.03, 7.64, 1.58
-0.12, 7.00, 1.79
-0.27, 6.60, 1.94
-0.13, 6.05, 2.07
0.11, 6.02, 1.97
0.16, 6.43, 2.18
0.17, 6.64, 2.37
0.64, 7.00, 2.52
0.62, 8.02, 2.66
0.69, 9.88, 2.07
0.46, 12.35, 1.27
-0.07, 14.01, 1.26
-0.02, 15.28, 0.65
-0.05, 15.42, 1.17
0.23, 14.11, 1.47
0.59, 12.30, 2.67
0.68, 10.45, 1.69
0.93, 9.17, 2.58
0.69, 8.29, 2.30
0.21, 8.00, 1.98
0.06, 7.56, 1.74
-0.08, 7.18, 1.54
-0.06, 6.69, 1.59
0.01, 6.31, 1.66
-0.69, 14.58, 1.07
-0.27, 15.05, 1.10
0.09, 14.02, 1.66
0.66, 12.33, 1.96
1.02, 10.80, 2.06
0.64, 9.47, 2.06
0.74, 8.91, 2.16
0.29, 8.73, 1.93
-0.09, 8.32, 1.85
-0.09, 7.77, 1.69
-0.04, 7.09, 1.61
0.01, 6.51, 1.76
0.08, 6.17, 1.80
0.05, 6.17, 1.77
0.20, 6.49, 1.82
0.29, 6.81, 2.06
0.68, 7.62, 1.87
0.34, 8.88, 2.18
0.15, 10.52, 1.80
0.08, 12.26, 1.68
-0.19, 13.60, 1.46
0.05, 14.40, 1.22
0.24, 14.05, 1.27
0.69, 12.83, 1.54
0.64, 11.60, 2.20
0.67, 10.50, 2.20
0.69, 9.40, 2.12
0.56, 8.85, 1.90
0.11, 8.59, 1.77
0.42, 7.25, 2.00
0.62, 8.81, 2.21
0.42, 10.73, 1.91
0.75, 11.46, 1.96
0.70, 10.45, 1.79
0.83, 9.73, 1.97
0.45, 9.28, 1.79
0.46, 8.88, 1.63
0.14, 8.39, 1.81
0.05, 8.02, 1.74
0.07, 7.56, 1.66
0.06, 7.01, 1.80
0.10, 6.80, 1.93
0.13, 6.92, 1.98
0.22, 7.35, 2.03
0.30, 7.89, 2.02
0.45, 8.42, 2.28
0.51, 9.46, 2.04
0.61, 10.36, 1.71
0.47, 11.50, 1.50
0.26, 12.38, 1.52
0.42, 13.03, 1.40
0.45, 13.19, 1.17
0.39, 12.71, 1.34
0.48, 11.81, 1.51
0.55, 10.89, 1.79
0.62, 9.97, 2.32
0.42, 9.09, 1.95
0.34, 8.51, 1.70
-0.13, 6.57, 1.77
0.00, 6.49, 1.86
0.06, 6.65, 1.92
0.25, 7.01, 1.88
0.40, 7.25, 2.18
0.80, 7.85, 2.11
0.94, 9.39, 2.20
0.31, 11.36, 1.41
-0.19, 13.27, 0.97
-0.25, 14.43, 0.95
0.01, 14.55, 1.27
0.34, 13.45, 1.55
0.53, 12.08, 1.32
0.69, 10.64, 1.69
0.64, 9.67, 2.07
0.65, 8.91, 1.97
0.39, 8.49, 1.63
-0.06, 8.30, 1.55
-0.22, 7.82, 1.47
-0.05, 7.19, 1.41
-0.01, 6.51, 1.52
0.16, 6.28, 1.71
0.20, 6.36, 1.64
0.13, 6.82, 1.73
0.27, 7.41, 1.75
0.33, 8.43, 2.07
0.03, 9.48, 1.94
0.04, 10.80, 1.49
-0.06, 12.04, 1.50
0.31, 8.92, 1.66
0.14, 8.16, 1.59
-0.22, 7.86, 1.63
-0.16, 7.28, 1.76
-0.31, 6.73, 1.87
-0.23, 6.69, 1.70
-0.18, 6.72, 1.90
-0.08, 6.96, 1.90
0.24, 7.04, 1.91
0.73, 7.16, 1.94
1.39, 7.93, 2.23
0.80, 10.09, 1.95
0.15, 12.52, 1.46
-0.11, 14.48, 0.98
0.32, 15.73, 0.05
0.13, 15.35, 0.90
0.64, 14.03, 1.26
0.87, 12.37, 1.58
1.12, 10.75, 1.88
1.32, 9.18, 1.89
0.63, 8.44, 2.03
0.22, 8.24, 1.60
-0.27, 7.73, 1.52
-0.23, 7.19, 1.41
-0.33, 6.76, 1.43
-0.06, 6.01, 1.51
0.21, 5.70, 1.64
0.46, 5.80, 1.75
0.45, 6.33, 1.82
0.62, 11.73, 1.55
0.89, 10.55, 1.77
0.80, 9.68, 1.54
0.38, 9.33, 1.76
0.07, 8.91, 1.79
-0.16, 8.59, 1.68
-0.25, 8.12, 1.59
-0.21, 7.38, 1.79
-0.16, 6.78, 1.70
0.03, 6.54, 1.71
-0.02, 6.64, 1.91
-0.03, 7.27, 1.74
-0.15, 7.83, 1.73
-0.14, 8.83, 1.67
-0.10, 10.03, 1.76
-0.24, 11.10, 1.64
-0.17, 11.94, 1.27
0.13, 12.37, 1.19
0.05, 12.32, 1.24
0.38, 11.66, 1.54
0.30, 10.87, 1.67
0.16, 10.27, 1.70
0.30, 9.73, 1.74
0.11, 9.28, 1.57
-0.12, 8.87, 1.68
-0.01, 8.33, 1.61
-0.10, 7.73, 1.79
-0.20, 7.28, 1.81
-0.12, 6.97, 1.82
-0.41, 14.90, 1.04
-0.32, 15.17, 1.12
-0.06, 14.30, 2.23
-0.06, 7.25, 1.43
-0.39, 7.04, 1.23
-0.37, 6.60, 0.99
-0.17, 5.78, 1.20
0.05, 5.41, 1.30
0.23, 5.66, 1.28
0.29, 6.07, 1.49
0.45, 6.45, 1.44
0.81, 6.63, 1.35
0.87, 7.69, 1.25
-0.47, 9.73, 1.32
-0.85, 12.91, 0.87
-1.55, 14.82, 1.00
-1.70, 15.60, 0.89
-1.25, 15.23, 1.39
-0.78, 14.05, 1.81
-0.22, 12.45, 2.28
0.33, 11.06, 2.03
0.78, 9.58, 2.32
0.50, 8.94, 2.16
0.12, 8.44, 1.81
-0.05, 8.05, 1.40
-0.08, 7.55, 1.25
-0.03, 6.96, 1.21
0.11, 6.09, 1.30
0.22, 7.01, 1.48
0.11, 9.55, 1.27
-0.53, 12.52, 0.97
-1.42, 14.60, 1.20
-1.56, 15.44, 1.17
-0.71, 14.88, 1.23
-0.11, 13.27, 1.36
0.26, 11.67, 1.94
0.44, 10.23, 1.86
0.67, 9.20, 2.26
0.00, 8.72, 1.81
-0.16, 8.38, 1.39
-0.21, 7.84, 1.61
-0.21, 7.08, 1.34
0.22, 6.42, 1.27
0.19, 5.99, 1.25
0.29, 5.89, 1.35
-0.02, 6.42, 1.34
0.27, 6.95, 1.73
0.16, 8.40, 1.76
-0.34, 10.33, 1.62
-1.17, 12.27, 1.21
-0.86, 13.20, 1.21
-0.45, 13.27, 1.13
-0.00, 12.61, 1.42
0.51, 11.61, 1.69
0.71, 10.91, 1.73
0.42, 10.49, 2.16
0.51, 10.05, 1.67
0.06, 7.71, 1.51
0.19, 7.76, 1.86
0.25, 8.15, 1.69
0.22, 9.11, 1.81
-0.23, 10.75, 1.52
-0.73, 12.31, 1.59
-0.30, 13.00, 1.24
-0.39, 13.18, 1.43
-0.24, 12.66, 1.41
-0.01, 11.63, 1.68
0.19, 10.57, 1.81
0.09, 9.64, 1.58
0.17, 8.91, 1.90
-0.14, 8.68, 1.58
-0.40, 8.28, 1.60
-0.35, 7.67, 1.46
-0.26, 7.20, 1.50
-0.27, 6.72, 1.38
-0.09, 6.49, 1.41
-0.13, 6.40, 1.53
-0.27, 6.76, 1.84
0.13, 7.12, 2.08
0.08, 8.21, 2.04
-0.23, 11.38, 1.94
-0.55, 13.04, 0.98
-0.58, 14.33, 0.53
-0.28, 14.27, 0.89
0.06, 13.12, 1.03
-0.40, 6.80, 1.68
-0.37, 6.43, 1.59
-0.23, 6.25, 1.71
0.00, 6.53, 1.71
-0.27, 6.82, 2.09
0.30, 6.88, 2.05
0.45, 8.07, 1.92
0.15, 10.22, 1.65
-0.55, 12.59, 1.65
-1.06, 14.24, 1.02
-0.93, 15.71, 0.56
-0.96, 15.99, 0.89
-0.99, 14.85, 1.55
-0.59, 13.12, 2.65
-0.01, 10.78, 1.92
-0.00, 9.03, 2.77
0.33, 7.94, 1.75
-0.13, 7.39, 1.81
-0.36, 6.99, 1.30
-0.24, 6.55, 0.91
-0.23, 5.70, 0.98
0.07, 5.07, 0.89
0.18, 5.02, 0.98
0.40, 5.39, 1.00
-0.06, 5.64, 1.34
0.25, 6.03, 1.57
-0.03, 7.58, 1.34
-1.24, 10.71, 1.25
0.08, 9.28, 1.90
-0.26, 8.86, 1.48
-0.34, 8.14, 1.39
-0.42, 7.40, 1.23
0.41, 5.80, 1.34
0.40, 6.59, 1.57
-0.55, 8.05, 1.79
-0.30, 11.11, 1.77
-1.19, 13.49, 1.56
-2.08, 15.03, 1.12
-1.76, 15.50, 1.31
-1.13, 14.73, 1.29
-0.45, 13.16, 1.66
-0.11, 11.62, 2.57
0.01, 10.04, 1.85
0.39, 9.05, 2.31
-0.13, 8.71, 1.72
-0.09, 8.45, 1.38
-0.35, 8.07, 1.35
-0.31, 7.37, 0.94
-0.00, 6.74, 1.02
0.13, 6.24, 1.17
0.02, 6.41, 1.00
-0.15, 6.98, 1.23
-0.49, 7.78, 1.57
-0.89, 9.05, 1.51
-1.04, 9.92, 2.84
-0.57, 10.52, 1.40
-0.62, 10.75, 1.59
-0.28, 10.72, 1.78
-0.39, 10.67, 1.74
-0.49, 10.52, 1.73
-0.52, 10.23, 1.71
-0.49, 9.81, 1.66
-0.54, 9.52, 1.72
-0.54, 9.05, 1.62
-0.46, 8.56, 1.58
-0.51, 8.39, 1.56
-0.40, 8.08, 1.48
-0.19, 8.02, 1.45
-0.21, 8.02, 1.52
-0.35, 8.08, 1.27
-0.21, 8.20, 1.46
0.02, 8.24, 1.74
0.31, 8.32, 1.81
0.62, 8.31, 1.83
0.86, 8.84, 1.71
0.37, 10.29, 1.57
-0.44, 13.04, 1.11
-1.26, 15.27, 0.63
-1.25, 16.15, 0.50
-0.94, 15.79, 0.94
-0.60, 14.15, 0.71
-0.38, 11.62, 2.11
0.42, 9.17, 2.77
-0.00, 7.50, 2.90
-0.11, 6.76, 1.89
0.52, 6.70, 1.37
-0.14, 8.80, 1.64
-1.76, 12.01, 1.46
-1.41, 14.63, 0.79
-1.76, 16.04, 0.89
-2.31, 16.19, 0.93
-1.76, 15.28, 1.96
-0.75, 13.07, 2.36
-0.32, 11.03, 2.66
0.05, 9.55, 2.33
-0.09, 8.48, 2.03
-0.27, 7.91, 1.73
-0.56, 7.39, 1.31
-0.49, 6.84, 1.21
-0.54, 6.13, 1.05
-0.27, 5.83, 0.71
0.09, 5.45, 0.89
-0.09, 5.61, 1.02
0.05, 5.72, 1.22
0.40, 6.41, 0.92
-1.02, 7.37, 2.92
-0.96, 10.63, 1.40
-1.52, 13.47, 1.27
-2.37, 15.28, 1.32
-2.37, 15.93, 0.95
-1.64, 14.93, 1.26
-0.68, 13.27, 1.50
-0.48, 11.13, 1.63
-0.15, 5.71, 0.92
0.11, 5.54, 1.23
0.14, 5.66, 1.45
-1.06, 7.20, 2.65
-0.54, 9.51, 2.15
-1.29, 12.43, 1.03
-2.01, 14.21, 1.70
-2.09, 15.22, 1.22
-1.65, 15.13, 1.34
-0.81, 13.73, 1.48
-0.05, 12.16, 2.12
-0.09, 10.81, 1.69
0.24, 9.66, 2.10
0.04, 9.21, 1.74
-0.18, 8.66, 1.32
-0.28, 8.21, 1.11
-0.19, 7.58, 1.13
-0.01, 6.73, 1.13
0.05, 6.41, 1.05
-0.08, 6.29, 1.12
-0.17, 6.37, 1.25
-0.17, 7.12, 1.42
-1.58, 8.88, 2.22
-1.25, 9.60, 1.79
-1.08, 10.69, 1.83
-1.44, 11.43, 1.77
-1.21, 11.90, 1.67
-0.96, 12.05, 1.45
-0.66, 8.07, 1.49
-0.51, 7.28, 1.39
-0.64, 7.07, 1.46
-0.71, 6.69, 1.55
-0.68, 6.72, 1.46
-0.88, 7.23, 2.19
-1.35, 13.92, 1.58
-1.95, 16.14, 1.04
-1.72, 17.02, 0.57
-1.48, 16.11, 0.86
-1.24, 14.26, 3.39
-0.20, 11.47, 2.04
0.10, 9.24, 2.52
0.19, 7.73, 1.78
-0.49, 7.47, 1.35
-0.80, 7.23, 0.97
-0.83, 6.96, 0.60
-0.55, 6.19, 0.51
-0.43, 5.34, 0.69
0.04, 4.84, 0.77
-0.28, 4.85, 0.92
-0.13, 5.08, 1.12
-0.03, 5.69, 1.33
-0.11, 6.99, 1.64
-0.83, 9.19, 1.43
-1.80, 11.27, 1.75
-2.27, 12.74, 1.31
-1.37, 13.15, 1.32
0.05, 10.73, 1.71
-0.02, 10.44, 1.33
-0.36, 10.38, 1.29
-0.81, 10.29, 1.18
-0.73, 9.77, 1.13
-0.76, 9.06, 1.10
-0.72, 8.47, 1.06
-0.69, 7.66, 1.40
-0.74, 7.19, 1.49
-0.68, 6.75, 1.64
-0.81, 6.76, 1.68
-0.71, 6.73, 1.87
-0.45, 7.17, 2.02
-0.32, 7.93, 2.08
-0.68, 9.20, 2.14
-1.08, 11.02, 1.84
-0.98, 12.44, 1.56
-1.12, 13.46, 1.16
-0.92, 13.61, 0.98
-0.85, 12.94, 1.02
-0.42, 11.97, 1.47
-0.18, 10.74, 1.46
-0.42, 9.80, 1.43
-0.31, 9.17, 1.70
-0.58, 8.77, 1.42
-0.58, 8.30, 1.58
-0.78, 7.82, 1.42
-0.70, 7.31, 1.29
-0.85, 11.23, 1.57
-0.89, 12.45, 1.09
-0.84, 13.13, 0.78
-0.75, 13.30, 0.80
-0.52, 12.67, 1.12
-0.71, 11.88, 0.99
-0.84, 11.16, 1.43
-0.78, 10.12, 1.64
-0.58, 9.40, 1.58
-0.75, 8.63, 1.71
-0.60, 8.10, 1.71
-0.95, 7.62, 1.69
-1.07, 7.09, 1.66
-0.85, 6.39, 1.50
-0.69, 5.99, 1.54
-0.47, 5.94, 1.67
-0.53, 6.23, 1.46
-0.33, 6.59, 1.62
0.00, 6.77, 1.79
-0.03, 7.74, 2.76
0.04, 8.91, 1.75
-0.31, 11.57, 1.18
-1.64, 14.22, 0.98
-2.21, 16.04, 0.58
-2.11, 16.58, 0.70
-1.76, 15.60, 0.96
-1.17, 13.76, 1.27
-0.91, 11.75, 2.29
-0.20, 5.29, 0.88
-0.30, 5.46, 0.89
-0.30, 5.51, 1.15
0.02, 5.75, 1.31
-0.16, 6.74, 1.63
-1.00, 8.91, 2.03
-2.10, 11.33, 1.73
-2.42, 13.26, 1.73
-1.84, 14.20, 1.36
-2.12, 14.46, 1.53
-1.97, 13.64, 1.70
-1.13, 12.45, 1.90
-0.86, 11.39, 1.93
-0.32, 10.34, 1.62
-0.48, 9.70, 1.54
-0.76, 9.41, 1.47
-1.06, 8.81, 1.44
-1.06, 8.19, 1.28
-0.92, 7.38, 1.19
-0.96, 6.35, 1.21
-0.62, 5.62, 1.23
-0.57, 5.39, 1.30
-0.59, 5.42, 1.54
-0.17, 5.53, 1.84
-0.17, 6.44, 1.87
-0.95, 8.66, 2.16
-1.61, 11.29, 2.21
-1.87, 13.25, 1.58
-0.48, 8.46, 1.26
-0.87, 8.11, 0.96
-0.69, 7.30, 0.91
-0.72, 6.70, 1.11
-0.43, 6.14, 0.86
-0.27, 5.88, 1.06
-1.39, 11.05, 1.50
-1.26, 11.84, 1.72
-1.75, 12.33, 1.43
-1.28, 12.25, 1.39
-0.83, 11.71, 1.54
-0.64, 11.22, 1.54
-0.61, 11.11, 1.66
-0.77, 10.92, 1.53
-1.23, 10.62, 1.47
-0.95, 10.22, 1.48
-1.20, 9.50, 1.59
-1.01, 8.91, 1.56
-0.79, 8.11, 1.47
-0.96, 7.62, 1.57
-0.89, 6.99, 1.57
-0.85, 6.54, 1.71
-0.73, 6.25, 1.58
-0.56, 6.57, 1.56
-0.48, 7.11, 1.53
-0.39, 7.58, 1.34
-0.45, 8.15, 1.81
-2.10, 14.26, 1.06
-2.24, 15.33, 1.35
-1.99, 14.84, 1.73
-1.54, 13.50, 2.12
-1.37, 11.56, 2.00
-0.67, 9.82, 2.87
-0.61, 8.44, 2.58
-0.72, 7.66, 1.97
-1.01, 7.58, 1.22
-1.25, 7.36, 0.95
-1.06, 6.94, 0.78
-0.67, 5.95, 0.76
-0.21, 5.38, 0.91
-0.16, 5.39, 0.98
-0.20, 5.45, 1.00
-0.07, 5.70, 1.49
-0.14, 6.91, 1.75
-0.85, 8.79, 1.82
-2.08, 11.23, 1.74
-3.04, 13.21, 1.15
-2.10, 14.53, 1.11
-2.07, 14.61, 1.33
-1.87, 13.56, 1.73
-1.15, 11.95, 2.02
-0.83, 10.91, 2.02
-0.54, 10.15, 1.96
-0.72, 9.62, 1.90
-0.93, 9.13, 1.74
-0.23, 6.31, 1.81
-0.90, 7.66, 2.01
-1.54, 9.98, 2.09
-1.80, 11.49, 2.04
-1.51, 12.96, 1.50
-1.77, 13.80, 1.39
-1.72, 14.01, 1.43
-1.29, 13.15, 1.54
-0.73, 11.94, 1.86
-0.98, 11.12, 1.98
-0.78, 10.43, 1.82
-0.77, 9.56, 1.65
-1.09, 9.06, 1.54
-0.76, 8.46, 1.46
-1.11, 7.93, 1.54
-0.97, 7.23, 1.46
-1.07, 6.61, 1.42
-0.79, 6.02, 1.30
-0.66, 5.71, 1.50
-0.50, 5.93, 1.56
-0.51, 6.54, 1.90
-0.60, 7.42, 2.05
-1.18, 9.18, 2.06
-1.88, 11.21, 1.81
-1.58, 12.79, 1.34
-1.74, 13.77, 1.38
-1.94, 13.82, 1.53
-1.54, 13.10, 1.42
-0.98, 6.78, 1.44
-0.92, 6.09, 1.27
-0.74, 5.99, 1.27
-0.51, 5.98, 1.28
-0.21, 6.07, 1.62
-0.17, 6.24, 1.75
-0.36, 7.24, 1.79
-1.51, 9.24, 2.09
-1.60, 12.25, 1.63
-2.38, 14.36, 1.59
-2.88, 15.78, 1.38
-2.51, 15.39, 1.72
-1.50, 13.58, 2.12
-0.58, 11.63, 2.37
-0.72, 10.23, 2.66
-0.35, 9.22, 2.34
-0.66, 8.72, 1.89
-0.66, 8.52, 1.44
-1.07, 8.17, 1.25
-1.05, 7.52, 1.25
-0.94, 6.69, 0.97
-0.67, 5.77, 1.04
-0.33, 5.33, 1.10
-0.38, 5.32, 1.32
-0.05, 5.52, 1.37
-0.10, 5.95, 1.63
-0.45, 7.49, 2.06
-1.20, 9.56, 3.32
-0.44, 8.83, 2.26
-0.71, 8.23, 1.65
-0.76, 7.80, 1.53
-0.97, 7.16, 1.25
-0.64, 6.24, 0.83
-0.57, 5.65, 0.97
-1.15, 8.86, 1.09
-1.83, 12.13, 2.05
-2.46, 14.77, 1.58
-3.39, 16.64, 1.25
-3.22, 16.78, 1.68
-2.52, 15.39, 1.66
-1.34, 13.39, 3.02
-0.76, 10.60, 2.71
-0.23, 9.14, 2.76
0.19, 7.93, 2.22
-0.13, 7.64, 1.97
-0.78, 7.47, 1.35
-0.94, 7.40, 0.81
-0.90, 6.71, 0.61
-0.61, 5.72, 0.41
-0.21, 5.27, 0.63
-0.33, 5.10, 0.96
0.24, 5.29, 1.33
-0.02, 5.51, 1.59
-0.24, 6.74, 1.64
-1.82, 9.57, 1.99
-3.74, 12.63, 1.66
-0.73, 11.59, 2.16
-0.47, 9.79, 2.10
-0.25, 9.10, 2.35
-0.72, 8.68, 1.78
-0.72, 8.33, 1.41
-0.87, 7.91, 1.25
-0.75, 7.30, 1.14
-0.85, 6.86, 1.00
-0.82, 6.52, 0.92
-0.62, 6.21, 0.98
-0.17, 5.96, 1.40
-0.20, 6.74, 1.77
-0.96, 8.64, 2.38
-1.48, 10.51, 2.10
-1.97, 12.24, 1.80
-2.08, 12.88, 1.60
-1.64, 12.79, 1.55
-0.99, 11.95, 1.79
-0.57, 10.88, 1.91
-0.30, 10.25, 1.85
-0.30, 10.06, 1.47
-0.57, 9.79, 1.48
-0.75, 9.64, 1.44
-0.85, 9.28, 1.66
-0.80, 8.93, 1.60
-0.82, 8.36, 1.70
-0.78, 7.93, 1.67
-0.64, 7.59, 1.62
-1.70, 13.03, 1.30
-1.30, 11.95, 1.37
-0.90, 10.94, 1.91
-0.75, 9.83, 1.80
-0.57, 9.04, 2.09
-0.42, 8.59, 2.02
-0.77, 8.32, 1.75
-0.78, 8.04, 1.57
-0.74, 7.77, 1.44
-0.71, 7.46, 1.62
-0.55, 7.36, 1.51
-0.57, 7.56, 1.43
-0.28, 7.91, 1.42
-0.40, 8.21, 1.45
-0.34, 8.67, 1.22
-0.41, 9.27, 1.64
-0.72, 10.27, 1.53
-1.45, 11.93, 1.50
-2.06, 13.15, 1.24
-1.72, 13.52, 1.34
-1.78, 13.27, 1.45
-1.41, 12.45, 1.44
-1.51, 11.05, 2.01
-0.60, 9.32, 1.91
-0.36, 8.38, 2.07
-0.65, 7.74, 2.04
-0.89, 7.40, 1.56
-0.88, 6.90, 1.55
-0.25, 8.93, 0.93
-1.72, 12.83, 1.07
-2.50, 15.88, 0.77
-3.70, 17.30, 1.14
-3.13, 16.58, 1.66
-2.01, 14.78, 2.33
-1.36, 11.73, 3.08
-0.39, 9.51, 3.28
-0.01, 7.94, 2.89
0.03, 7.39, 2.09
-0.72, 7.33, 1.65
-0.82, 6.98, 1.06
-0.63, 6.56, 0.51
-0.23, 5.95, 0.77
0.05, 5.61, 0.74
-0.13, 5.94, 0.98
-0.16, 5.96, 1.31
-0.06, 6.19, 1.50
0.29, 6.48, 1.34
-0.10, 8.23, 1.79
-3.06, 10.96, 2.82
-2.60, 14.10, 1.60
-2.72, 15.65, 1.53
-3.42, 15.84, 1.50
-2.32, 14.81, 1.71
-1.08, 12.54, 1.91
-0.68, 10.80, 2.26
0.02, 9.27, 2.31
-0.22, 5.79, 1.00
-0.30, 6.15, 1.47
-0.44, 7.42, 1.70
-1.93, 8.90, 3.54
-1.77, 11.23, 2.49
-0.79, 11.50, 2.00
-0.60, 10.85, 1.82
-0.86, 10.43, 1.75
-0.70, 9.91, 1.77
-0.98, 9.42, 1.76
-0.82, 8.74, 1.74
-0.81, 8.14, 1.52
-0.94, 7.59, 1.62
-0.80, 7.06, 1.55
-0.70, 6.53, 1.54
-0.68, 6.60, 1.59
-0.71, 6.94, 1.75
-0.70, 7.27, 1.71
-0.49, 7.67, 1.72
-1.54, 8.76, 2.20
-0.88, 9.59, 1.91
-1.31, 10.77, 1.53
-1.85, 12.16, 1.68
-1.81, 12.92, 1.54
-1.82, 13.20, 1.51
-1.73, 12.60, 1.74
-1.11, 11.66, 1.89
-1.24, 10.71, 1.67
-1.19, 8.07, 1.43
-1.19, 7.63, 1.37
-1.27, 7.01, 1.43
-0.99, 6.65, 1.37
-0.90, 6.32, 1.54
-0.69, 6.17, 1.45
-0.61, 6.50, 1.50
-0.19, 6.53, 1.72
0.21, 6.72, 1.86
-0.52, 7.57, 2.05
-0.36, 9.50, 2.03
-1.82, 12.46, 1.79
-2.88, 14.99, 1.71
-3.11, 16.17, 1.36
-2.85, 15.73, 1.56
-1.71, 13.88, 2.12
-1.23, 11.97, 2.60
-0.79, 9.79, 2.68
-0.34, 8.50, 2.37
-0.33, 7.80, 1.90
-0.79, 7.70, 1.47
-0.97, 7.49, 1.03
-0.72, 7.13, 0.79
-0.55, 6.39, 0.56
-0.20, 5.90, 0.91
-0.35, 5.92, 0.99
-0.06, 5.87, 1.15
-0.12, 5.85, 1.50
-0.74, 11.96, 2.21
-0.60, 10.26, 2.63
-0.59, 8.57, 2.22
-0.50, 8.21, 1.62
-0.88, 7.89, 1.47
-0.99, 7.38, 1.00
-0.72, 6.69, 0.92
-0.47, 6.06, 0.92
-0.53, 5.73, 1.06
-0.31, 5.76, 1.20
-0.16, 5.85, 1.66
-0.25, 6.32, 1.88
-0.62, 7.88, 1.58
-2.44, 10.03, 1.99
-2.32, 13.24, 1.72
-2.91, 14.77, 1.64
-2.79, 15.02, 1.60
-2.01, 13.88, 1.93
-1.15, 12.06, 2.21
-0.81, 10.46, 1.62
-0.58, 9.71, 2.15
-0.27, 9.18, 1.74
-0.49, 8.94, 1.48
-0.77, 8.69, 1.19
-0.74, 8.16, 1.07
-0.74, 7.46, 0.91
-0.53, 6.78, 1.14
-0.75, 6.48, 1.00
-1.44, 11.23, 1.87
-1.07, 10.93, 1.80
-0.92, 10.63, 1.73
-0.82, 10.50, 1.73
-1.04, 10.41, 1.56
-1.00, 10.17, 1.55
-1.34, 9.95, 1.47
-1.33, 9.57, 1.59
-1.35, 9.20, 1.48
-1.32, 8.82, 1.53
-1.33, 8.28, 1.65
-1.30, 7.85, 1.63
-1.27, 7.58, 1.75
-1.18, 7.25, 1.86
-1.01, 7.31, 1.68
-1.05, 7.62, 1.64
-0.93, 7.90, 1.55
-0.91, 7.73, 1.68
-0.60, 8.31, 2.52
-0.02, 8.24, 1.82
-0.16, 8.66, 2.03
-0.60, 9.84, 1.68
-1.61, 12.34, 1.44
-2.38, 14.12, 1.00
-2.24, 14.98, 1.01
-2.40, 14.60, 1.13
-1.92, 13.45, 1.56
-1.97, 11.83, 2.32
-0.61, 5.49, 1.11
-0.33, 5.72, 1.29
-0.30, 5.94, 1.53
0.05, 6.10, 1.69
0.15, 6.98, 1.57
-3.22, 16.76, 1.26
-2.18, 15.16, 1.77
-1.96, 12.61, 2.34
-0.71, 10.41, 2.50
-0.12, 8.62, 2.35
-0.17, 7.75, 2.14
-0.48, 7.49, 1.62
-0.90, 7.09, 1.00
-1.10, 6.79, 0.69
-1.00, 6.16, 0.86
-0.66, 5.27, 0.64
-0.40, 4.85, 0.43
-0.33, 4.90, 0.67
-0.12, 4.87, 1.15
0.05, 4.93, 1.16
0.20, 5.64, 1.65
-0.45, 7.87, 1.77
-2.36, 11.27, 1.30
-4.71, 14.90, 1.02
-3.38, 16.76, 0.79
-3.65, 16.78, 1.40
-2.76, 15.39, 1.47
-1.16, 12.34, 2.22
-0.88, 8.49, 1.36
-1.15, 8.14, 1.18
-1.07, 7.35, 0.92
-0.89, 6.40, 0.83
-0.82, 5.74, 0.57
-0.49, 5.56, 1.05
-0.55, 5.32, 1.34
-0.01, 5.76, 1.79
-2.62, 6.96, 2.98
-1.77, 9.80, 2.51
-2.36, 12.43, 1.87
-2.85, 13.90, 1.77
-2.78, 14.45, 1.61
-1.77, 13.39, 1.87
-1.01, 11.89, 1.91
-0.34, 10.70, 1.91
-0.68, 9.81, 1.28
-0.65, 9.54, 1.85
-0.94, 9.16, 1.54
-1.01, 8.87, 1.24
-1.04, 8.36, 1.27
-0.96, 7.64, 1.24
-0.78, 7.02, 1.44
-0.84, 6.83, 1.46
-0.90, 6.75, 1.29
-0.71, 7.01, 1.76
-0.84, 7.05, 1.60
-1.35, 8.30, 1.81
-1.47, 10.83, 1.92
-0.84, 9.61, 1.72
-0.84, 8.54, 1.75
-0.70, 7.88, 1.47
-0.66, 7.42, 1.29
-0.80, 6.83, 1.31
-0.61, 6.18, 1.26
-0.58, 6.05, 1.23
-0.51, 6.21, 1.20
-0.34, 6.11, 1.50
0.04, 6.25, 1.39
0.20, 6.57, 1.54
0.14, 8.09, 1.08
-1.77, 11.83, 2.07
-3.21, 14.98, 0.91
-3.27, 16.47, 1.01
-3.13, 16.26, 1.40
-2.28, 15.11, 2.00
-1.77, 13.18, 2.49
-0.89, 11.07, 2.72
-0.23, 9.21, 2.62
-0.05, 8.22, 2.37
-0.58, 7.68, 1.99
-0.82, 7.34, 1.57
-1.31, 7.05, 1.10
-1.04, 6.33, 0.76
-0.56, 5.55, 0.68
-0.32, 5.00, 0.23
-3.58, 15.85, 1.66
-2.34, 14.65, 2.07
-1.41, 12.22, 2.02
-0.66, 10.63, 2.70
-0.42, 9.49, 2.08
-0.70, 8.95, 2.03
-1.16, 8.70, 1.72
-0.97, 8.17, 1.27
-0.97, 7.56, 0.89
-0.78, 6.69, 0.78
-0.43, 6.15, 0.78
-0.61, 5.70, 0.75
-0.57, 5.51, 0.94
-0.51, 5.84, 1.47
-0.90, 6.92, 1.66
-1.41, 8.58, 1.94
-2.01, 10.07, 1.49
-1.48, 11.42, 1.46
-1.72, 12.35, 1.90
-2.21, 13.10, 1.85
-2.03, 13.26, 1.80
-1.38, 12.73, 1.93
-1.09, 11.89, 1.86
-1.26, 11.28, 1.56
-1.18, 10.66, 1.85
-1.06, 9.84, 1.65
-1.11, 9.20, 1.55
-1.03, 8.62, 1.34
-1.73, 9.62, 1.82
-2.36, 11.75, 1.35
-2.23, 13.02, 1.45
-2.21, 13.34, 1.47
-1.85, 12.64, 1.39
-1.14, 9.09, 1.44
-1.00, 8.55, 1.31
-1.35, 7.98, 1.39
-0.94, 7.29, 1.39
-0.84, 6.66, 1.47
-0.88, 6.53, 1.42
-0.73, 6.74, 1.38
-0.81, 6.96, 1.37
-0.77, 7.46, 1.55
-1.53, 8.50, 2.09
-1.69, 9.79, 2.09
-1.43, 10.81, 1.85
-1.61, 11.80, 1.78
-1.78, 12.18, 1.55
-1.34, 12.32, 1.50
-1.23, 11.85, 1.73
-1.12, 11.50, 1.87
-1.09, 11.02, 1.74
-1.10, 10.53, 1.83
-1.19, 9.96, 1.78
-1.10, 9.29, 1.54
-1.09, 8.56, 1.55
-0.99, 6.54, 1.56
-0.81, 6.79, 1.43
-0.77, 7.12, 1.58
-0.68, 7.23, 1.54
-0.53, 8.17, 1.49
-1.29, 9.33, 1.65
-1.56, 11.07, 1.84
-1.99, 12.53, 1.73
-2.09, 13.19, 1.38
-1.59, 13.21, 1.55
-1.35, 12.59, 1.76
-1.12, 12.02, 1.70
-1.02, 11.20, 2.09
-1.12, 10.46, 1.53
-0.89, 9.68, 1.81
-1.07, 8.86, 1.66
-1.03, 8.42, 1.54
-0.99, 7.79, 1.35
-1.18, 7.23, 1.24
-1.04, 6.61, 1.27
-0.84, 6.19, 1.33
-0.84, 6.17, 1.31
-0.68, 6.38, 1.42
-0.69, 6.54, 1.36
-0.62, 7.22, 1.77
-1.44, 8.69, 1.46
-1.77, 10.24, 2.37
-1.39, 11.52, 1.90
-1.33, 8.91, 1.90
-1.19, 8.27, 1.37
-1.20, 7.56, 1.38
-1.10, 6.79, 1.55
-0.99, 6.17, 1.57
-0.92, 5.82, 1.50
-0.70, 6.05, 1.51
-0.85, 6.43, 1.79
-0.39, 6.49, 1.76
-1.01, 7.13, 2.10
-0.69, 8.66, 1.80
-1.48, 11.71, 1.78
-2.69, 14.19, 1.75
-3.39, 15.66, 1.51
-2.82, 16.09, 1.32
-2.36, 15.14, 1.51
-2.12, 13.39, 2.76
-1.18, 10.89, 2.35
-0.50, 9.09, 2.24
-0.23, 8.27, 1.96
-0.62, 7.84, 1.39
-1.15, 7.55, 0.91
-1.24, 7.09, 0.57
-0.96, 6.31, 0.61
-0.68, 5.39, 0.71
-0.57, 4.98, 0.65
-0.62, 4.98, 0.87
-0.69, 5.21, 1.18
-0.86, 10.92, 2.61
-0.78, 9.86, 2.06
-0.66, 9.48, 1.83
-1.01, 9.29, 1.69
-1.46, 9.18, 1.33
-1.45, 8.39, 1.41
-1.30, 7.66, 1.28
-1.29, 6.79, 1.31
-1.13, 6.10, 1.27
-1.04, 5.84, 1.15
-1.02, 5.94, 1.44
-1.28, 6.44, 1.68
-1.44, 7.60, 2.09
-2.26, 8.55, 3.60
-2.08, 10.21, 2.14
-1.76, 11.06, 2.02
-2.00, 11.61, 1.77
-1.64, 11.68, 1.68
-1.26, 11.41, 1.46
-1.06, 10.92, 1.62
-1.05, 10.59, 1.72
-1.35, 10.78, 1.60
-1.37, 10.73, 1.52
-1.49, 10.41, 1.41
-1.45, 9.72, 1.42
-1.52, 8.98, 1.51
-1.16, 8.07, 1.52
-1.00, 7.38, 1.67
-1.36, 11.69, 1.71
-2.52, 13.41, 1.62
-2.24, 13.96, 1.49
-2.09, 13.50, 1.69
-1.70, 12.62, 1.94
-1.40, 11.51, 3.15
-0.99, 7.04, 1.24
-1.05, 6.56, 1.10
-0.76, 6.09, 1.02
-0.74, 6.00, 1.09
-0.69, 6.32, 1.17
-0.64, 6.31, 1.02
-0.27, 6.40, 1.18
0.05, 6.39, 1.52
-2.02, 7.35, 3.28
-1.31, 9.81, 1.98
-2.02, 12.53, 1.81
-3.03, 14.65, 1.93
-3.28, 15.76, 1.57
-2.85, 15.51, 1.63
-1.91, 14.09, 2.07
-0.77, 11.98, 2.33
-0.42, 10.31, 2.56
-0.32, 9.11, 2.38
-0.70, 8.60, 1.96
-0.83, 8.36, 1.48
-1.13, 8.15, 1.59
-1.19, 7.50, 1.21
-0.74, 5.77, 1.31
-0.40, 5.91, 1.47
-0.67, 6.60, 1.91
-1.31, 8.01, 1.85
-1.66, 10.26, 2.04
-2.03, 12.24, 2.08
-2.34, 13.42, 1.78
-2.17, 13.95, 1.37
-1.64, 13.38, 1.57
-0.99, 12.21, 1.96
-0.51, 11.31, 1.74
-0.48, 10.72, 1.69
-1.14, 10.37, 1.41
-1.11, 9.89, 1.65
-1.02, 9.39, 1.53
-1.06, 8.63, 1.25
-0.91, 7.85, 1.32
-0.90, 7.22, 1.32
-1.01, 6.57, 1.55
-0.95, 6.11, 1.53
-0.98, 6.11, 1.53
-0.62, 6.09, 1.80
-1.32, 6.79, 2.24
-0.88, 7.72, 2.49
-1.26, 9.34, 2.36
-1.75, 10.86, 2.10
-1.74, 12.03, 1.59
-1.91, 13.07, 1.51
-1.01, 7.82, 1.38
-1.05, 6.99, 1.40
-1.00, 6.45, 1.46
-0.88, 5.91, 1.45
-0.79, 6.05, 1.49
-0.73, 6.21, 1.41
-0.16, 6.43, 1.60
-0.35, 6.69, 1.84
-1.72, 7.13, 3.68
-1.14, 9.67, 1.92
-1.98, 12.33, 2.02
-2.98, 14.37, 1.75
-2.90, 15.30, 1.52
-2.47, 14.77, 1.45
-1.77, 13.40, 1.87
-1.41, 12.04, 2.27
-1.29, 10.60, 2.11
-0.62, 9.58, 2.13
-0.72, 8.69, 1.88
-0.74, 8.09, 1.50
-1.04, 7.51, 1.22
-1.07, 6.87, 0.93
-0.91, 6.13, 0.87
-0.62, 5.33, 0.87
-0.49, 5.26, 1.05
-0.38, 5.62, 1.22
-0.46, 5.78, 1.24
-0.26, 6.00, 1.38
-0.77, 11.48, 2.43
-0.46, 9.66, 2.36
-0.45, 8.94, 2.19
-0.69, 8.77, 1.80
-0.92, 8.44, 1.29
-0.81, 7.94, 0.95
-0.86, 7.07, 1.19
-0.78, 6.51, 0.74
-0.61, 6.07, 0.92
-0.66, 5.82, 0.97
-0.47, 5.94, 1.33
-0.61, 6.49, 1.74
-1.14, 7.83, 1.83
-1.77, 9.25, 1.93
-2.54, 10.69, 2.25
-1.90, 11.82, 2.10
-2.09, 12.25, 2.00
-1.79, 12.38, 1.70
-1.04, 11.80, 1.61
-0.80, 11.24, 1.62
-0.77, 11.08, 1.58
-1.03, 11.23, 1.63
-1.63, 11.28, 1.62
-1.56, 10.75, 1.54
-1.43, 9.95, 1.56
-1.24, 8.94, 1.52
-0.86, 7.96, 1.67
-1.10, 7.36, 1.65
-2.11, 9.91, 1.65
-2.12, 12.66, 1.81
-2.88, 14.26, 1.43
-2.97, 15.12, 1.44
-2.76, 14.04, 1.48
-0.97, 7.97, 1.74
-1.39, 7.71, 1.37
-1.36, 7.33, 1.13
-1.30, 6.61, 1.06
-0.93, 5.92, 1.02
-0.75, 5.53, 1.08
-0.70, 5.61, 1.07
-0.59, 5.59, 1.21
-0.44, 5.57, 1.58
-0.17, 5.89, 1.68
-0.23, 7.15, 2.33
-1.53, 9.23, 1.98
-3.17, 11.94, 2.49
-2.97, 14.39, 1.80
-3.58, 15.86, 1.40
-3.57, 15.94, 1.74
-2.71, 14.59, 1.70
-1.45, 12.83, 2.92
-1.14, 10.88, 2.13
-0.43, 9.43, 2.33
-0.41, 8.60, 2.09
-0.71, 8.15, 1.73
-0.78, 7.90, 1.21
-0.80, 5.99, 1.01
-0.61, 5.88, 1.17
-0.74, 6.05, 1.33
-0.49, 6.53, 1.57
-1.03, 8.30, 1.77
-4.24, 10.60, 2.84
-3.38, 13.01, 1.98
-2.72, 13.88, 1.83
-3.00, 13.69, 1.96
-2.18, 12.84, 1.93
-1.16, 11.48, 2.54
-1.00, 10.52, 1.81
-0.83, 10.03, 1.70
-0.93, 9.59, 1.53
-1.25, 9.29, 1.29
-1.19, 8.61, 1.24
-1.25, 7.95, 1.51
-1.16, 7.01, 1.30
-1.02, 6.29, 1.33
-1.09, 5.81, 1.28
-0.83, 5.69, 1.37
-0.78, 5.55, 1.49
-0.95, 6.32, 1.92
-1.36, 7.50, 2.10
-2.81, 9.94, 2.38
-2.41, 11.71, 1.91
-2.69, 13.30, 1.84
-1.14, 8.00, 1.14
-1.21, 7.19, 1.24
-1.06, 6.56, 0.86
-1.01, 6.14, 1.17
-1.03, 6.10, 1.12
-0.84, 6.11, 1.15
-0.59, 6.27, 1.59
-0.96, 7.38, 1.74
-2.00, 9.53, 1.29
-3.07, 11.52, 1.93
-2.59, 12.67, 1.76
-2.95, 13.11, 1.69
-2.45, 12.60, 1.81
-1.64, 11.58, 1.92
-1.22, 10.64, 1.88
-1.25, 10.06, 1.50
-1.10, 9.81, 1.64
-1.16, 9.63, 1.61
-1.46, 9.39, 1.43
-1.37, 8.97, 1.18
-1.15, 8.39, 1.30
-1.27, 8.12, 1.33
-1.53, 7.78, 1.23
-1.49, 7.52, 1.38
-1.44, 7.31, 1.39
-1.41, 7.30, 1.69
-1.58, 7.40, 1.79
-1.44, 7.46, 1.68
-2.05, 13.36, 1.84
-1.63, 10.92, 2.40
-0.78, 8.86, 2.51
-0.41, 7.84, 2.16
-0.74, 7.35, 1.76
-1.26, 7.18, 1.11
-1.34, 7.03, 0.70
-1.30, 6.42, 0.53
-0.95, 5.69, 0.82
-0.91, 5.22, 0.84
-0.82, 5.54, 1.02
-0.79, 5.64, 1.26
-0.51, 5.84, 1.68
-0.43, 6.54, 1.81
-1.45, 8.48, 2.26
-4.40, 10.30, 3.25
-3.06, 13.10, 1.85
-2.85, 14.09, 1.86
-3.33, 14.44, 1.93
-2.67, 13.65, 1.87
-1.88, 12.20, 2.04
-1.42, 11.17, 2.49
-1.17, 10.29, 1.82
-1.04, 9.70, 1.73
-1.16, 9.08, 1.40
-1.45, 8.68, 1.32
-1.58, 8.05, 1.36
-1.26, 7.15, 1.22
-2.85, 14.24, 1.72
-1.56, 15.66, 0.84
-2.97, 15.57, 1.74
-2.60, 14.26, 2.07
-1.19, 12.30, 1.78
-0.90, 10.46, 2.39
-1.37, 7.48, 0.91
-1.02, 6.52, 0.76
-0.96, 6.03, 0.93
-0.92, 5.96, 0.98
-0.79, 5.83, 0.87
-0.99, 6.36, 1.53
-1.47, 7.47, 1.67
-2.18, 9.42, 1.62
-2.79, 11.10, 2.95
-2.25, 11.65, 1.93
-2.13, 12.15, 1.98
-2.24, 11.79, 2.09
-1.42, 11.02, 1.92
-1.11, 10.57, 1.88
-1.05, 10.38, 1.67
-1.26, 10.33, 1.55
-1.24, 10.22, 1.53
-1.40, 9.72, 1.36
-1.35, 9.15, 1.37
-0.99, 8.31, 1.23
-1.13, 7.72, 1.46
-1.13, 7.24, 1.46
-0.81, 7.49, 1.97
-1.45, 8.70, 2.29
-1.76, 10.64, 2.12
-2.18, 11.95, 1.90
-2.23, 12.75, 1.65
-1.87, 13.00, 1.56
-1.63, 12.35, 1.60
-1.12, 11.45, 1.58
-1.02, 10.86, 1.76
-1.45, 10.41, 1.84
-1.16, 9.74, 1.36
-1.11, 8.77, 1.36
-1.25, 8.15, 1.45
-1.32, 7.58, 1.19
-1.28, 7.27, 1.33
-1.25, 6.87, 1.53
-1.17, 6.69, 1.43
-1.34, 6.90, 1.34
-1.09, 7.13, 1.57
-0.96, 7.36, 1.62
-1.20, 7.93, 1.87
-1.15, 8.31, 1.78
-1.47, 9.16, 2.34
-1.12, 9.87, 1.83
-1.42, 11.37, 1.70
-2.22, 12.71, 1.56
-2.38, 13.71, 1.41
-2.18, 13.77, 1.60
-1.26, 7.16, 1.13
-1.29, 6.34, 1.25
-0.92, 5.76, 1.21
-0.93, 5.73, 1.10
-0.92, 5.98, 1.23
-0.69, 6.13, 1.31
-0.55, 6.20, 1.64
-0.25, 6.34, 1.75
-0.33, 7.74, 1.91
-3.57, 10.26, 3.11
-3.43, 13.98, 1.48
-3.18, 15.84, 1.44
-3.50, 16.18, 1.51
-2.94, 15.12, 1.81
-1.54, 12.69, 2.22
-1.36, 10.77, 2.50
-0.59, 9.25, 2.23
-0.47, 8.63, 1.87
-1.06, 8.53, 1.70
-1.38, 8.44, 1.34
-1.51, 8.01, 0.85
-1.39, 7.21, 0.83
-0.95, 6.10, 0.87
-0.76, 5.48, 0.99
-0.90, 5.28, 1.07
-0.75, 5.40, 1.39
-0.52, 5.72, 1.40
-0.74, 5.98, 1.82
-1.35, 10.95, 1.77
-0.99, 10.57, 1.54
-1.03, 10.23, 1.50
-1.30, 9.85, 1.16
-1.31, 9.46, 1.22
-1.49, 8.90, 1.33
-1.40, 8.16, 0.84
-1.51, 7.40, 1.28
-1.28, 6.46, 1.44
-1.27, 6.00, 1.53
-1.20, 5.91, 1.84
-1.15, 6.00, 1.82
-1.03, 5.92, 2.14
-0.85, 6.26, 2.38
-1.47, 7.30, 3.52
-1.81, 9.64, 2.38
-1.92, 11.87, 2.15
-2.79, 13.68, 1.68
-2.77, 15.10, 1.17
-2.44, 14.96, 1.47
-2.03, 13.73, 1.38
-1.87, 12.26, 1.58
-1.13, 10.81, 2.07
-0.76, 9.35, 1.96
-0.78, 8.84, 1.58
-0.88, 8.22, 1.22
-1.27, 7.80, 0.96
-1.21, 7.15, 0.96
-4.23, 10.94, 3.32
-3.04, 13.29, 1.71
-3.08, 14.75, 1.81
-2.89, 14.72, 1.80
-2.25, 13.67, 1.88
-1.01, 8.93, 1.32
-1.11, 8.29, 1.25
-1.32, 7.70, 1.40
-1.30, 6.95, 0.96
-0.91, 6.26, 1.03
-0.89, 5.82, 1.16
-0.92, 5.75, 1.08
-0.66, 5.82, 1.32
-0.93, 6.15, 1.81
-1.08, 7.35, 1.94
-1.70, 8.88, 1.47
-2.97, 11.04, 2.30
-2.38, 12.47, 2.01
-2.87, 13.48, 1.91
-2.73, 13.70, 1.92
-2.21, 12.89, 1.77
-1.49, 11.64, 1.85
-1.57, 10.78, 1.33
-1.24, 10.24, 1.92
-1.33, 9.71, 1.58
-1.30, 9.16, 1.48
-1.27, 8.64, 1.24
-0.98, 5.95, 1.22
-0.85, 6.12, 1.43
-0.85, 6.26, 1.48
-0.91, 6.71, 1.96
-1.29, 7.21, 1.91
-2.06, 8.70, 2.15
-1.78, 10.91, 2.57
-2.70, 12.98, 1.86
-3.07, 14.33, 1.60
-2.83, 14.65, 1.68
-2.34, 13.69, 1.80
-1.39, 12.16, 1.98
-1.57, 10.91, 2.54
-1.00, 9.71, 2.06
-0.92, 9.06, 1.73
-1.07, 8.67, 1.47
-1.04, 8.34, 1.03
-1.14, 7.92, 0.75
-1.35, 7.25, 1.02
-1.25, 6.52, 0.70
-0.93, 5.76, 1.05
-0.83, 5.69, 1.02
-0.49, 5.72, 1.34
-0.49, 5.53, 1.41
-0.16, 5.65, 1.74
-0.65, 6.85, 2.88
-1.75, 9.06, 3.62
-2.43, 11.21, 2.96
-0.79, 8.71, 1.53
-1.08, 8.54, 1.35
-1.28, 8.05, 0.72
-1.37, 7.35, 0.88
-1.15, 6.52, 0.95
-1.02, 5.77, 0.99
-0.99, 5.47, 1.08
-0.51, 5.51, 0.97
-0.82, 5.96, 1.74
-1.24, 6.78, 2.01
-1.85, 8.02, 2.34
-2.43, 9.17, 3.50
-2.00, 10.51, 2.11
-2.27, 11.89, 2.19
-2.43, 12.45, 1.73
-1.87, 12.55, 1.47
-1.45, 12.13, 1.64
-1.42, 11.62, 1.90
-1.37, 11.36, 1.77
-1.30, 11.12, 1.53
-1.65, 10.82, 1.52
-1.67, 10.37, 1.39
-1.46, 9.50, 1.57
-1.51, 8.79, 1.56
-1.24, 7.93, 1.27
-1.19, 7.44, 1.69
-1.55, 6.73, 1.52
-1.35, 6.27, 1.61
-3.00, 14.24, 1.31
-3.34, 15.75, 1.26
-3.24, 15.78, 1.27
-2.56, 14.47, 1.96
-1.69, 12.31, 2.14
-1.05, 10.22, 2.00
-0.82, 8.60, 2.49
-0.75, 7.67, 1.94
-1.28, 7.48, 1.49
-1.66, 7.37, 0.91
-1.52, 7.07, 0.74
-1.36, 6.23, 0.78
-0.89, 5.40, 0.88
-0.79, 5.09, 0.85
-0.55, 5.17, 0.98
-0.59, 5.29, 1.20
-0.28, 5.38, 1.69
-0.04, 5.51, 1.92
-0.31, 6.85, 1.74
-2.18, 10.11, 2.70
-3.19, 13.79, 1.88
-4.32, 17.03, 1.71
-4.85, 18.40, 1.49
-3.63, 16.80, 1.81
-1.81, 13.40, 1.99
-0.72, 10.23, 1.64
-0.04, 8.58, 3.17
-0.14, 7.73, 2.68
-0.31, 5.49, 1.98
-2.40, 6.28, 3.83
-1.49, 8.73, 2.32
-2.19, 11.53, 2.56
-3.02, 14.03, 2.01
-3.49, 15.52, 1.91
-0.58, 9.01, 2.32
-1.17, 8.75, 1.78
-1.16, 8.76, 1.43
-1.29, 8.33, 1.20
-1.36, 7.62, 0.79
-0.78, 6.96, 0.79
-0.95, 6.32, 0.91
-0.82, 5.84, 1.13
-0.72, 5.79, 1.33
-0.76, 6.30, 1.65
-1.22, 7.41, 2.38
-1.99, 8.99, 1.67
-2.36, 10.38, 2.29
-1.98, 11.24, 2.01
-2.35, 12.10, 1.94
-2.33, 12.52, 1.85
-1.99, 12.38, 1.77
-1.68, 11.73, 1.97
-1.31, 11.02, 1.92
-1.54, 10.92, 2.03
-1.46, 10.36, 1.68
-1.58, 9.95, 1.95
-1.42, 6.93, 1.35
-1.24, 6.40, 1.19
-1.12, 6.19, 1.41
-0.98, 6.37, 1.13
-1.00, 6.56, 1.27
-0.71, 6.53, 1.51
-0.59, 6.56, 1.52
-1.86, 6.54, 4.27
-1.24, 9.22, 2.57
-2.64, 12.34, 2.25
-3.10, 14.37, 1.82
-3.62, 16.17, 1.49
-3.34, 15.92, 1.54
-2.18, 13.97, 2.09
-1.74, 11.60, 2.25
-0.72, 9.79, 2.82
-0.52, 8.45, 2.25
-0.61, 8.15, 1.78
-0.99, 7.93, 1.20
-1.35, 7.76, 0.81
-1.45, 7.30, 0.63
-1.10, 6.49, 0.71
-0.73, 5.73, 0.85
-0.85, 5.47, 0.94
-0.62, 5.43, 0.94
-0.63, 5.30, 1.03
-0.29, 5.29, 1.45
-0.12, 5.74, 2.02
-0.34, 9.42, 2.81
-0.56, 8.34, 2.48
-0.85, 8.29, 1.79
-1.10, 8.54, 1.37
-1.69, 8.39, 0.88
-1.23, 7.50, 0.51
-1.11, 6.49, 0.72
-0.88, 5.45, 0.93
-0.78, 5.06, 0.99
-0.83, 5.38, 1.47
-0.78, 5.12, 1.55
-0.26, 5.58, 1.88
-1.02, 7.06, 2.06
-3.17, 9.24, 3.68
-3.16, 12.81, 1.79
-3.04, 14.70, 1.90
-3.73, 15.35, 1.74
-2.94, 14.39, 1.75
-1.56, 12.15, 2.31
-1.41, 10.61, 1.87
-0.93, 9.50, 2.31
-1.00, 9.06, 1.86
-1.16, 8.82, 1.60
-1.33, 8.72, 1.24
-1.52, 8.26, 0.98
-1.38, 7.43, 0.86
-1.15, 6.66, 0.87
-0.98, 6.13, 0.91
-1.05, 10.11, 2.18
1.55, 16.04, 0.28
-0.39, 19.61, 0.77
-2.49, 18.84, 2.03
-1.74, 16.99, 2.81
-0.45, 13.01, 4.17
-1.04, 9.52, 3.95
0.70, 8.04, 2.96
0.45, 7.56, 2.12
-0.19, 7.62, 1.19
-0.62, 7.71, 0.75
-0.98, 7.43, 0.38
-0.82, 6.48, 0.30
-0.48, 5.51, 0.47
-0.35, 5.22, 0.76
-0.54, 5.36, 0.96
-1.14, 6.54, 1.71
-2.02, 8.12, 1.92
-2.18, 9.62, 2.07
-2.23, 10.42, 1.85
-2.03, 10.91, 1.67
-1.83, 10.86, 1.64
-1.52, 10.81, 2.19
-1.51, 10.69, 2.24
-1.40, 10.58, 2.08
-1.40, 10.43, 2.08
-1.47, 10.30, 1.93
-1.54, 10.03, 1.84
-1.08, 7.22, 1.84
-1.72, 7.35, 2.79
-0.92, 8.26, 2.19
-1.45, 10.02, 2.08
-1.91, 11.80, 1.92
-1.96, 12.98, 2.17
-1.24, 10.66, 2.09
-1.08, 9.42, 1.88
-1.01, 8.62, 1.65
-1.07, 7.96, 1.35
-1.20, 7.49, 0.96
-1.08, 6.87, 0.97
-0.98, 6.15, 1.06
-0.62, 5.61, 1.18
-0.81, 5.83, 1.17
-0.62, 6.04, 1.09
-0.76, 6.17, 1.46
-0.32, 6.42, 1.59
-0.37, 6.97, 1.75
-1.85, 9.99, 3.35
-2.61, 12.10, 2.16
-3.09, 14.37, 1.93
-3.25, 15.28, 1.91
-3.20, 14.93, 2.01
-2.19, 13.42, 2.22
-1.37, 11.43, 2.55
-0.72, 9.87, 2.61
-0.56, 8.91, 2.14
-1.22, 7.49, 1.09
-1.02, 6.56, 1.07
-1.18, 6.10, 1.12
-0.95, 5.87, 1.14
-0.61, 5.68, 1.00
-0.57, 5.42, 1.60
-0.35, 5.88, 1.75
-0.96, 7.73, 2.14
-3.32, 11.22, 1.22
-3.01, 13.83, 1.65
-3.05, 15.15, 1.77
-3.08, 15.28, 1.83
-2.24, 13.87, 1.74
-1.16, 12.00, 2.25
-1.07, 10.31, 2.22
-0.61, 9.28, 2.16
-0.63, 8.67, 1.66
-1.13, 8.54, 1.41
-1.36, 8.42, 1.10
-1.47, 7.77, 1.16
-1.12, 6.65, 1.06
-0.95, 6.00, 0.88
-1.07, 5.86, 1.01
-0.92, 5.68, 1.07
-0.60, 5.48, 1.32
-0.65, 5.29, 1.54
-0.35, 5.27, 1.73
-0.48, 5.34, 2.70
-1.20, 11.72, 3.36
0.81, 8.34, 4.43
0.69, 6.71, 2.47
0.06, 7.01, 1.73
-0.72, 7.40, 1.03
-1.08, 7.39, 0.60
-1.18, 7.27, -0.04
-0.84, 6.25, 0.12
-0.47, 5.33, -0.07
-0.53, 5.06, 0.48
-0.58, 5.33, 0.66
-0.98, 6.27, 1.34
-1.81, 8.01, 1.69
-2.56, 9.84, 1.72
-2.63, 11.12, 1.44
-2.39, 11.37, 1.61
-2.09, 10.94, 1.86
-1.79, 10.62, 2.28
-1.38, 10.18, 2.14
-1.35, 10.20, 1.84
-1.38, 10.48, 1.69
-1.52, 10.38, 1.69
-1.64, 10.31, 1.43
-1.67, 9.90, 1.50
-1.72, 9.18, 1.49
-1.54, 8.44, 1.74
-1.53, 7.86, 1.59
-1.50, 7.33, 1.65
-2.15, 13.01, 1.42
-1.73, 12.47, 1.47
-1.22, 11.51, 1.74
-1.41, 10.85, 1.90
-1.05, 10.12, 1.63
-0.98, 9.39, 1.49
-1.12, 8.86, 1.32
-1.11, 8.11, 1.29
-1.18, 7.40, 1.27
-1.10, 6.79, 1.42
-1.25, 6.50, 1.55
-1.09, 6.52, 1.33
-1.14, 6.80, 1.56
